PK,Classification,Contains ABC Transporter,Contains n-methyl transferase,Contains flavin decarboxylase,Has CXXC motif and flavin decarboxylase in BGC,Has GST motif and flavin decarboxylase,Gene cluster and precursor in same direction,Charge of leader <1 at pH 7,Core contains >2 Cysteine,Leader contains 0 Cysteine,Core % Aliphatic and Dhb residues,Core begins with XTP motif,Leader contains GXG motif,Leader contains LXD motif,Leader contains FAN motif,Distance from LinG homolog,Length of precursor,Leader Percent A,R,D,N,C,Q,E,G,H,I,L,K,M,F,P,S,T,W,Y,V,% Aromatics,% Negative,% Positive,% Charged,% Aliphatic,% Hydroxyl,Core percent A,R,D,N,C,Q,E,G,H,I,L,K,M,F,P,S,T,W,Y,V,% Aromatics,% Negative,% Positive,% Charged,% Aliphatic,% Hydroxyl,Relative charge of core,Relative charge of leader,Relative charge of precursor,Absolute charge of core,Absolute charge of Leader,Absolute charge of precursor
0,,1,1,0,0,0,0,0,0,0,0.43478260869565216,0,0,0,0,1248,45,0.18181818181818182,0.3181818181818182,0.0,0.0,0.0,0.0,0.0,0.0,0.045454545454545456,0.0,0.045454545454545456,0.0,0.045454545454545456,0.0,0.09090909090909091,0.09090909090909091,0.0,0.0,0.0,0.18181818181818182,0.0,0.0,0.3181818181818182,0.3181818181818182,0.4545454545454546,0.09090909090909091,0.21739130434782608,0.13043478260869565,0.0,0.08695652173913043,0.043478260869565216,0.0,0.0,0.043478260869565216,0.0,0.0,0.0,0.0,0.043478260869565216,0.0,0.30434782608695654,0.0,0.043478260869565216,0.0,0.0,0.08695652173913043,0.0,0.0,0.13043478260869565,0.13043478260869565,0.3913043478260869,0.043478260869565216,3,7,10,3,7,10
1,,1,1,0,0,0,0,0,0,0,0.47619047619047616,0,0,0,0,1248,41,0.15,0.35,0.0,0.0,0.0,0.0,0.0,0.0,0.05,0.0,0.05,0.0,0.05,0.0,0.1,0.1,0.0,0.0,0.0,0.15,0.0,0.0,0.35,0.35,0.39999999999999997,0.1,0.23809523809523808,0.09523809523809523,0.0,0.09523809523809523,0.047619047619047616,0.0,0.0,0.047619047619047616,0.0,0.0,0.0,0.0,0.047619047619047616,0.0,0.2857142857142857,0.0,0.047619047619047616,0.0,0.0,0.09523809523809523,0.0,0.0,0.09523809523809523,0.09523809523809523,0.42857142857142855,0.047619047619047616,2,7,9,2,7,9
2,,1,1,0,0,0,0,0,0,1,0.625,0,1,0,0,1154,71,0.09090909090909091,0.16363636363636364,0.01818181818181818,0.0,0.14545454545454545,0.0,0.0,0.16363636363636364,0.03636363636363636,0.0,0.10909090909090909,0.0,0.01818181818181818,0.03636363636363636,0.14545454545454545,0.01818181818181818,0.03636363636363636,0.0,0.0,0.01818181818181818,0.03636363636363636,0.01818181818181818,0.16363636363636364,0.18181818181818182,0.39999999999999997,0.05454545454545454,0.0625,0.1875,0.0,0.0,0.0625,0.0,0.0,0.125,0.125,0.0625,0.125,0.0,0.0625,0.0,0.0,0.0,0.1875,0.0,0.0,0.0,0.0,0.0,0.1875,0.1875,0.4375,0.1875,3,8,11,3,8,11
3,,1,1,0,0,0,0,0,0,1,0.47368421052631576,0,0,0,0,1248,38,0.10526315789473684,0.3157894736842105,0.0,0.0,0.05263157894736842,0.0,0.0,0.0,0.05263157894736842,0.0,0.05263157894736842,0.0,0.0,0.0,0.10526315789473684,0.10526315789473684,0.0,0.0,0.0,0.21052631578947367,0.0,0.0,0.3157894736842105,0.3157894736842105,0.3684210526315789,0.10526315789473684,0.2631578947368421,0.10526315789473684,0.0,0.10526315789473684,0.0,0.0,0.0,0.05263157894736842,0.0,0.0,0.0,0.0,0.05263157894736842,0.0,0.3157894736842105,0.0,0.05263157894736842,0.0,0.0,0.05263157894736842,0.0,0.0,0.10526315789473684,0.10526315789473684,0.42105263157894735,0.05263157894736842,2,6,8,2,6,8
4,,1,1,0,0,0,0,0,0,1,0.5294117647058824,0,0,0,0,1248,34,0.11764705882352941,0.29411764705882354,0.0,0.058823529411764705,0.058823529411764705,0.0,0.0,0.0,0.058823529411764705,0.0,0.058823529411764705,0.0,0.0,0.0,0.058823529411764705,0.11764705882352941,0.0,0.0,0.0,0.17647058823529413,0.0,0.0,0.29411764705882354,0.29411764705882354,0.35294117647058826,0.11764705882352941,0.29411764705882354,0.058823529411764705,0.0,0.058823529411764705,0.0,0.0,0.0,0.058823529411764705,0.0,0.0,0.0,0.0,0.058823529411764705,0.0,0.35294117647058826,0.0,0.058823529411764705,0.0,0.0,0.058823529411764705,0.0,0.0,0.058823529411764705,0.058823529411764705,0.4705882352941177,0.058823529411764705,1,5,6,1,5,6
5,,1,1,0,0,0,0,0,0,1,0.625,0,1,0,0,1154,63,0.0851063829787234,0.14893617021276595,0.02127659574468085,0.0,0.1276595744680851,0.0,0.0,0.1702127659574468,0.0425531914893617,0.0,0.10638297872340426,0.0,0.02127659574468085,0.0425531914893617,0.1702127659574468,0.02127659574468085,0.0425531914893617,0.0,0.0,0.0,0.0425531914893617,0.02127659574468085,0.14893617021276595,0.1702127659574468,0.38297872340425526,0.06382978723404255,0.0625,0.1875,0.0,0.0,0.0625,0.0,0.0,0.125,0.125,0.0625,0.125,0.0,0.0625,0.0,0.0,0.0,0.1875,0.0,0.0,0.0,0.0,0.0,0.1875,0.1875,0.4375,0.1875,3,6,9,3,6,9
6,,1,1,0,0,0,0,0,0,1,0.391304347826087,0,0,0,0,1174,46,0.2608695652173913,0.2608695652173913,0.043478260869565216,0.0,0.08695652173913043,0.0,0.08695652173913043,0.0,0.043478260869565216,0.0,0.0,0.0,0.0,0.0,0.043478260869565216,0.0,0.08695652173913043,0.0,0.0,0.08695652173913043,0.0,0.13043478260869565,0.2608695652173913,0.391304347826087,0.34782608695652173,0.08695652173913043,0.0,0.043478260869565216,0.08695652173913043,0.0,0.08695652173913043,0.043478260869565216,0.0,0.08695652173913043,0.08695652173913043,0.0,0.043478260869565216,0.0,0.0,0.0,0.13043478260869565,0.13043478260869565,0.13043478260869565,0.0,0.0,0.13043478260869565,0.0,0.08695652173913043,0.043478260869565216,0.13043478260869565,0.2608695652173913,0.2608695652173913,-1,3,2,1,3,2
7,,1,1,0,0,0,1,0,0,1,0.2894736842105263,0,1,0,0,1200,71,0.09090909090909091,0.21212121212121213,0.0,0.0,0.030303030303030304,0.0,0.030303030303030304,0.18181818181818182,0.09090909090909091,0.0,0.0,0.06060606060606061,0.0,0.0,0.12121212121212122,0.09090909090909091,0.0,0.030303030303030304,0.0,0.06060606060606061,0.030303030303030304,0.030303030303030304,0.2727272727272727,0.303030303030303,0.3333333333333333,0.09090909090909091,0.07894736842105263,0.23684210526315788,0.0,0.0,0.0,0.02631578947368421,0.0,0.13157894736842105,0.15789473684210525,0.0,0.0,0.0,0.02631578947368421,0.0,0.18421052631578946,0.10526315789473684,0.02631578947368421,0.0,0.0,0.02631578947368421,0.0,0.0,0.23684210526315788,0.23684210526315788,0.2631578947368421,0.13157894736842105,9,8,17,9,8,17
8,,1,1,0,0,0,1,0,0,1,0.2894736842105263,0,1,0,0,1197,72,0.08823529411764706,0.20588235294117646,0.0,0.0,0.029411764705882353,0.0,0.029411764705882353,0.17647058823529413,0.08823529411764706,0.0,0.0,0.058823529411764705,0.0,0.0,0.11764705882352941,0.08823529411764706,0.0,0.029411764705882353,0.0,0.08823529411764706,0.029411764705882353,0.029411764705882353,0.2647058823529412,0.29411764705882354,0.35294117647058826,0.08823529411764706,0.07894736842105263,0.23684210526315788,0.0,0.0,0.0,0.02631578947368421,0.0,0.13157894736842105,0.15789473684210525,0.0,0.0,0.0,0.02631578947368421,0.0,0.18421052631578946,0.10526315789473684,0.02631578947368421,0.0,0.0,0.02631578947368421,0.0,0.0,0.23684210526315788,0.23684210526315788,0.2631578947368421,0.13157894736842105,9,8,17,9,8,17
9,,1,1,0,0,0,1,0,0,1,0.2894736842105263,0,1,0,0,1170,81,0.06976744186046512,0.20930232558139536,0.0,0.0,0.06976744186046512,0.0,0.023255813953488372,0.13953488372093023,0.06976744186046512,0.023255813953488372,0.0,0.06976744186046512,0.0,0.0,0.13953488372093023,0.06976744186046512,0.0,0.023255813953488372,0.0,0.09302325581395349,0.023255813953488372,0.023255813953488372,0.27906976744186046,0.3023255813953488,0.3255813953488372,0.06976744186046512,0.07894736842105263,0.23684210526315788,0.0,0.0,0.0,0.02631578947368421,0.0,0.13157894736842105,0.15789473684210525,0.0,0.0,0.0,0.02631578947368421,0.0,0.18421052631578946,0.10526315789473684,0.02631578947368421,0.0,0.0,0.02631578947368421,0.0,0.0,0.23684210526315788,0.23684210526315788,0.2631578947368421,0.13157894736842105,9,11,20,9,11,20
10,,1,1,0,0,0,1,0,0,0,0.4339622641509434,0,0,0,0,53,141,0.23863636363636365,0.06818181818181818,0.045454545454545456,0.011363636363636364,0.0,0.045454545454545456,0.011363636363636364,0.09090909090909091,0.011363636363636364,0.03409090909090909,0.022727272727272728,0.03409090909090909,0.056818181818181816,0.03409090909090909,0.10227272727272728,0.022727272727272728,0.07954545454545454,0.011363636363636364,0.0,0.07954545454545454,0.045454545454545456,0.05681818181818182,0.10227272727272727,0.15909090909090906,0.5227272727272727,0.10227272727272727,0.07547169811320754,0.03773584905660377,0.05660377358490566,0.0,0.03773584905660377,0.05660377358490566,0.05660377358490566,0.09433962264150944,0.03773584905660377,0.0,0.09433962264150944,0.09433962264150944,0.03773584905660377,0.05660377358490566,0.0,0.03773584905660377,0.05660377358490566,0.03773584905660377,0.05660377358490566,0.07547169811320754,0.15094339622641512,0.11320754716981132,0.1320754716981132,0.24528301886792453,0.37735849056603776,0.09433962264150944,1,4,5,1,4,5
11,,1,1,0,0,0,1,0,0,0,0.5944055944055944,0,1,0,0,0,286,0.16083916083916083,0.07692307692307693,0.03496503496503497,0.013986013986013986,0.0,0.04195804195804196,0.03496503496503497,0.0979020979020979,0.013986013986013986,0.006993006993006993,0.11188811188811189,0.055944055944055944,0.02097902097902098,0.04195804195804196,0.03496503496503497,0.06993006993006994,0.07692307692307693,0.006993006993006993,0.006993006993006993,0.09090909090909091,0.055944055944055944,0.06993006993006994,0.13286713286713286,0.2027972027972028,0.48951048951048953,0.14685314685314688,0.13986013986013987,0.04895104895104895,0.013986013986013986,0.013986013986013986,0.0,0.02097902097902098,0.027972027972027972,0.0979020979020979,0.027972027972027972,0.03496503496503497,0.13286713286713286,0.027972027972027972,0.02097902097902098,0.055944055944055944,0.055944055944055944,0.06293706293706294,0.06293706293706294,0.02097902097902098,0.027972027972027972,0.1048951048951049,0.1048951048951049,0.04195804195804196,0.07692307692307693,0.11888111888111888,0.5314685314685315,0.1258741258741259,5,9,14,5,9,14
12,,1,1,0,0,0,0,0,0,0,0.36,0,0,0,0,20,49,0.2916666666666667,0.25,0.0,0.0,0.0,0.0,0.041666666666666664,0.041666666666666664,0.0,0.041666666666666664,0.0,0.0,0.0,0.0,0.0,0.041666666666666664,0.041666666666666664,0.041666666666666664,0.125,0.08333333333333333,0.16666666666666666,0.041666666666666664,0.25,0.2916666666666667,0.45833333333333337,0.08333333333333333,0.08,0.28,0.0,0.0,0.08,0.0,0.0,0.16,0.0,0.04,0.04,0.0,0.0,0.04,0.08,0.12,0.04,0.0,0.04,0.0,0.08,0.0,0.28,0.28,0.31999999999999995,0.16,7,5,12,7,5,12
13,,1,1,0,0,0,1,1,0,0,0.7297297297297297,1,0,1,1,144,65,0.14285714285714285,0.03571428571428571,0.07142857142857142,0.03571428571428571,0.0,0.03571428571428571,0.03571428571428571,0.07142857142857142,0.0,0.03571428571428571,0.03571428571428571,0.03571428571428571,0.07142857142857142,0.03571428571428571,0.07142857142857142,0.07142857142857142,0.07142857142857142,0.0,0.0,0.14285714285714285,0.03571428571428571,0.10714285714285714,0.07142857142857142,0.17857142857142855,0.4999999999999999,0.14285714285714285,0.24324324324324326,0.0,0.0,0.05405405405405406,0.0,0.02702702702702703,0.02702702702702703,0.05405405405405406,0.05405405405405406,0.02702702702702703,0.05405405405405406,0.0,0.05405405405405406,0.0,0.05405405405405406,0.05405405405405406,0.16216216216216217,0.0,0.0,0.13513513513513514,0.0,0.02702702702702703,0.0,0.02702702702702703,0.5675675675675675,0.21621621621621623,-1,-1,-2,1,1,2
14,,1,1,0,0,0,1,0,0,0,0.45714285714285713,0,0,1,0,470,193,0.10569105691056911,0.11382113821138211,0.06504065040650407,0.07317073170731707,0.0,0.024390243902439025,0.04065040650406504,0.056910569105691054,0.008130081300813009,0.04065040650406504,0.08943089430894309,0.024390243902439025,0.008130081300813009,0.04065040650406504,0.07317073170731707,0.04065040650406504,0.06504065040650407,0.04878048780487805,0.016260162601626018,0.06504065040650407,0.10569105691056911,0.10569105691056911,0.13821138211382114,0.24390243902439024,0.36585365853658536,0.10569105691056911,0.12857142857142856,0.04285714285714286,0.04285714285714286,0.02857142857142857,0.0,0.07142857142857142,0.04285714285714286,0.05714285714285714,0.04285714285714286,0.02857142857142857,0.11428571428571428,0.0,0.02857142857142857,0.05714285714285714,0.08571428571428572,0.08571428571428572,0.04285714285714286,0.0,0.04285714285714286,0.05714285714285714,0.1,0.08571428571428572,0.04285714285714286,0.12857142857142856,0.41428571428571426,0.12857142857142856,-3,4,1,3,4,1
15,,1,1,0,0,0,0,0,0,0,0.4,0,0,0,0,1948,50,0.12,0.16,0.0,0.0,0.0,0.12,0.04,0.04,0.08,0.0,0.0,0.0,0.0,0.08,0.04,0.04,0.16,0.0,0.04,0.08,0.12,0.04,0.16,0.2,0.24,0.2,0.08,0.08,0.0,0.04,0.0,0.08,0.04,0.12,0.08,0.04,0.08,0.0,0.0,0.0,0.08,0.16,0.04,0.0,0.04,0.04,0.04,0.04,0.08,0.12,0.36,0.2,1,3,4,1,3,4
16,,1,1,0,0,0,0,0,0,0,0.3333333333333333,0,0,0,0,1985,33,0.2222222222222222,0.1111111111111111,0.0,0.05555555555555555,0.0,0.0,0.0,0.0,0.0,0.05555555555555555,0.05555555555555555,0.05555555555555555,0.05555555555555555,0.0,0.16666666666666666,0.05555555555555555,0.05555555555555555,0.0,0.0,0.1111111111111111,0.0,0.0,0.16666666666666666,0.16666666666666666,0.5,0.1111111111111111,0.13333333333333333,0.06666666666666667,0.06666666666666667,0.06666666666666667,0.0,0.0,0.0,0.0,0.0,0.06666666666666667,0.0,0.06666666666666667,0.0,0.0,0.26666666666666666,0.06666666666666667,0.13333333333333333,0.06666666666666667,0.0,0.0,0.06666666666666667,0.06666666666666667,0.13333333333333333,0.2,0.2,0.2,1,3,4,1,3,4
17,,1,1,0,0,0,1,0,0,0,0.43636363636363634,0,0,0,0,2143,109,0.12962962962962962,0.09259259259259259,0.018518518518518517,0.037037037037037035,0.0,0.05555555555555555,0.09259259259259259,0.12962962962962962,0.0,0.018518518518518517,0.09259259259259259,0.037037037037037035,0.037037037037037035,0.018518518518518517,0.018518518518518517,0.09259259259259259,0.018518518518518517,0.018518518518518517,0.0,0.09259259259259259,0.037037037037037035,0.1111111111111111,0.12962962962962962,0.24074074074074073,0.5,0.1111111111111111,0.09090909090909091,0.10909090909090909,0.01818181818181818,0.03636363636363636,0.01818181818181818,0.05454545454545454,0.10909090909090909,0.09090909090909091,0.0,0.03636363636363636,0.07272727272727272,0.07272727272727272,0.03636363636363636,0.0,0.07272727272727272,0.05454545454545454,0.07272727272727272,0.0,0.01818181818181818,0.03636363636363636,0.01818181818181818,0.12727272727272726,0.18181818181818182,0.3090909090909091,0.36363636363636365,0.12727272727272726,3,1,4,3,1,4
18,,1,1,0,0,0,1,1,1,0,0.4855769230769231,0,1,0,0,2529,252,0.13636363636363635,0.045454545454545456,0.09090909090909091,0.022727272727272728,0.0,0.022727272727272728,0.09090909090909091,0.11363636363636363,0.022727272727272728,0.045454545454545456,0.09090909090909091,0.022727272727272728,0.022727272727272728,0.022727272727272728,0.06818181818181818,0.0,0.045454545454545456,0.022727272727272728,0.045454545454545456,0.06818181818181818,0.09090909090909091,0.18181818181818182,0.06818181818181818,0.25,0.47727272727272724,0.045454545454545456,0.057692307692307696,0.07692307692307693,0.057692307692307696,0.009615384615384616,0.02403846153846154,0.02403846153846154,0.0673076923076923,0.09615384615384616,0.038461538461538464,0.03365384615384615,0.10576923076923077,0.02403846153846154,0.014423076923076924,0.009615384615384616,0.0673076923076923,0.0625,0.09615384615384616,0.009615384615384616,0.04326923076923077,0.08173076923076923,0.0625,0.125,0.10096153846153846,0.22596153846153844,0.3894230769230769,0.15865384615384615,-5,-5,-10,5,5,10
19,,1,1,0,0,0,1,1,0,1,0.26666666666666666,0,0,0,0,3284,31,0.125,0.0625,0.0625,0.0,0.0625,0.0,0.0,0.0625,0.0,0.0,0.125,0.0,0.0,0.0,0.0625,0.25,0.0,0.0,0.0625,0.125,0.0625,0.0625,0.0625,0.125,0.4375,0.25,0.0,0.26666666666666666,0.06666666666666667,0.0,0.0,0.06666666666666667,0.06666666666666667,0.13333333333333333,0.0,0.0,0.0,0.0,0.06666666666666667,0.0,0.13333333333333333,0.06666666666666667,0.0,0.06666666666666667,0.0,0.06666666666666667,0.06666666666666667,0.13333333333333333,0.26666666666666666,0.39999999999999997,0.26666666666666666,0.06666666666666667,2,0,2,2,0,2
20,,1,1,0,0,0,0,0,0,1,0.34615384615384615,0,0,0,0,3413,51,0.08,0.16,0.04,0.04,0.04,0.04,0.04,0.04,0.0,0.0,0.08,0.0,0.0,0.04,0.16,0.04,0.04,0.0,0.0,0.16,0.04,0.08,0.16,0.24000000000000002,0.36000000000000004,0.08,0.07692307692307693,0.15384615384615385,0.038461538461538464,0.038461538461538464,0.038461538461538464,0.038461538461538464,0.0,0.038461538461538464,0.0,0.0,0.0,0.0,0.0,0.038461538461538464,0.07692307692307693,0.15384615384615385,0.15384615384615385,0.038461538461538464,0.038461538461538464,0.07692307692307693,0.11538461538461539,0.038461538461538464,0.15384615384615385,0.19230769230769232,0.19230769230769232,0.3076923076923077,3,2,5,3,2,5
21,,1,1,0,0,0,1,0,0,1,0.4358974358974359,0,0,0,0,3284,57,0.05555555555555555,0.2222222222222222,0.1111111111111111,0.0,0.1111111111111111,0.05555555555555555,0.0,0.0,0.05555555555555555,0.05555555555555555,0.05555555555555555,0.0,0.0,0.05555555555555555,0.05555555555555555,0.05555555555555555,0.0,0.1111111111111111,0.0,0.0,0.16666666666666666,0.1111111111111111,0.2222222222222222,0.3333333333333333,0.16666666666666666,0.05555555555555555,0.10256410256410256,0.1282051282051282,0.05128205128205128,0.0,0.02564102564102564,0.02564102564102564,0.02564102564102564,0.07692307692307693,0.0,0.0,0.05128205128205128,0.0,0.02564102564102564,0.0,0.10256410256410256,0.15384615384615385,0.05128205128205128,0.02564102564102564,0.02564102564102564,0.1282051282051282,0.05128205128205128,0.07692307692307693,0.1282051282051282,0.2051282051282051,0.38461538461538464,0.20512820512820512,2,2,4,2,2,4
22,,1,1,0,0,0,0,1,0,1,0.4117647058823529,1,0,0,0,3569,45,0.14285714285714285,0.07142857142857142,0.03571428571428571,0.0,0.03571428571428571,0.0,0.03571428571428571,0.03571428571428571,0.0,0.0,0.10714285714285714,0.0,0.03571428571428571,0.0,0.17857142857142858,0.07142857142857142,0.14285714285714285,0.0,0.03571428571428571,0.07142857142857142,0.03571428571428571,0.07142857142857142,0.07142857142857142,0.14285714285714285,0.3928571428571428,0.21428571428571427,0.058823529411764705,0.23529411764705882,0.0,0.0,0.058823529411764705,0.0,0.0,0.058823529411764705,0.0,0.0,0.11764705882352941,0.058823529411764705,0.0,0.0,0.17647058823529413,0.058823529411764705,0.11764705882352941,0.0,0.0,0.058823529411764705,0.0,0.0,0.29411764705882354,0.29411764705882354,0.2941176470588235,0.1764705882352941,5,0,5,5,0,5
23,,1,1,0,0,0,1,0,0,0,0.5555555555555556,0,0,0,0,3474,36,0.1111111111111111,0.16666666666666666,0.0,0.0,0.0,0.0,0.0,0.05555555555555555,0.0,0.05555555555555555,0.2222222222222222,0.0,0.0,0.05555555555555555,0.05555555555555555,0.1111111111111111,0.1111111111111111,0.0,0.05555555555555555,0.0,0.1111111111111111,0.0,0.16666666666666666,0.16666666666666666,0.4444444444444444,0.2222222222222222,0.1111111111111111,0.0,0.1111111111111111,0.0,0.0,0.0,0.0,0.0,0.05555555555555555,0.1111111111111111,0.05555555555555555,0.0,0.16666666666666666,0.0,0.05555555555555555,0.1111111111111111,0.1111111111111111,0.0,0.1111111111111111,0.0,0.1111111111111111,0.1111111111111111,0.0,0.1111111111111111,0.4444444444444444,0.2222222222222222,-2,3,1,2,3,1
24,,1,1,0,0,0,1,0,0,0,0.52,0,0,0,0,3474,49,0.16666666666666666,0.125,0.0,0.041666666666666664,0.0,0.0,0.0,0.16666666666666666,0.0,0.041666666666666664,0.125,0.0,0.0,0.0,0.125,0.125,0.08333333333333333,0.0,0.0,0.0,0.0,0.0,0.125,0.125,0.5,0.20833333333333331,0.12,0.04,0.08,0.0,0.0,0.0,0.0,0.0,0.04,0.08,0.12,0.0,0.12,0.04,0.04,0.12,0.08,0.0,0.12,0.0,0.16,0.08,0.04,0.12,0.44,0.2,-1,3,2,1,3,2
25,,1,1,0,0,0,1,0,0,1,0.4827586206896552,0,1,0,0,3454,57,0.14285714285714285,0.14285714285714285,0.03571428571428571,0.03571428571428571,0.03571428571428571,0.03571428571428571,0.0,0.14285714285714285,0.03571428571428571,0.03571428571428571,0.10714285714285714,0.03571428571428571,0.0,0.0,0.03571428571428571,0.07142857142857142,0.0,0.0,0.0,0.10714285714285714,0.0,0.03571428571428571,0.17857142857142855,0.21428571428571425,0.5357142857142857,0.07142857142857142,0.034482758620689655,0.10344827586206896,0.06896551724137931,0.034482758620689655,0.0,0.0,0.0,0.06896551724137931,0.10344827586206896,0.0,0.13793103448275862,0.034482758620689655,0.0,0.06896551724137931,0.034482758620689655,0.034482758620689655,0.10344827586206896,0.0,0.034482758620689655,0.13793103448275862,0.10344827586206896,0.06896551724137931,0.13793103448275862,0.20689655172413793,0.3793103448275862,0.13793103448275862,2,4,6,2,4,6
26,,1,1,0,0,0,1,0,0,0,0.5161290322580645,0,0,0,0,3474,62,0.12903225806451613,0.1935483870967742,0.0,0.03225806451612903,0.0,0.0,0.06451612903225806,0.16129032258064516,0.0,0.0,0.0967741935483871,0.0,0.03225806451612903,0.0,0.0967741935483871,0.06451612903225806,0.03225806451612903,0.06451612903225806,0.03225806451612903,0.0,0.0967741935483871,0.06451612903225806,0.1935483870967742,0.25806451612903225,0.4193548387096774,0.0967741935483871,0.0967741935483871,0.06451612903225806,0.06451612903225806,0.0,0.0,0.0,0.0,0.03225806451612903,0.03225806451612903,0.0967741935483871,0.0967741935483871,0.0,0.0967741935483871,0.03225806451612903,0.06451612903225806,0.12903225806451613,0.0967741935483871,0.0,0.0967741935483871,0.0,0.12903225806451613,0.06451612903225806,0.06451612903225806,0.12903225806451613,0.4193548387096774,0.22580645161290322,0,4,4,0,4,4
27,,1,1,0,0,0,1,0,0,0,0.5555555555555556,0,1,0,0,3474,71,0.11428571428571428,0.17142857142857143,0.02857142857142857,0.02857142857142857,0.0,0.02857142857142857,0.05714285714285714,0.22857142857142856,0.02857142857142857,0.0,0.02857142857142857,0.0,0.02857142857142857,0.0,0.08571428571428572,0.05714285714285714,0.0,0.05714285714285714,0.02857142857142857,0.02857142857142857,0.08571428571428572,0.08571428571428572,0.17142857142857143,0.2571428571428572,0.4285714285714286,0.05714285714285714,0.1111111111111111,0.08333333333333333,0.05555555555555555,0.0,0.0,0.0,0.0,0.027777777777777776,0.027777777777777776,0.08333333333333333,0.1388888888888889,0.0,0.08333333333333333,0.027777777777777776,0.05555555555555555,0.1111111111111111,0.1111111111111111,0.0,0.08333333333333333,0.0,0.1111111111111111,0.05555555555555555,0.08333333333333333,0.1388888888888889,0.4444444444444444,0.2222222222222222,1,3,4,1,3,4
28,,1,1,0,0,0,1,0,0,0,0.5416666666666666,0,1,0,0,3474,96,0.041666666666666664,0.1875,0.041666666666666664,0.020833333333333332,0.0,0.0625,0.041666666666666664,0.10416666666666667,0.020833333333333332,0.020833333333333332,0.10416666666666667,0.020833333333333332,0.041666666666666664,0.020833333333333332,0.0625,0.10416666666666667,0.0,0.041666666666666664,0.020833333333333332,0.041666666666666664,0.08333333333333333,0.08333333333333333,0.20833333333333334,0.2916666666666667,0.3541666666666667,0.10416666666666667,0.14583333333333334,0.08333333333333333,0.041666666666666664,0.020833333333333332,0.0,0.0,0.0,0.08333333333333333,0.020833333333333332,0.0625,0.10416666666666667,0.0,0.0625,0.020833333333333332,0.08333333333333333,0.125,0.08333333333333333,0.0,0.0625,0.0,0.08333333333333333,0.041666666666666664,0.08333333333333333,0.125,0.45833333333333337,0.20833333333333331,2,6,8,2,6,8
29,,1,1,0,0,0,0,0,0,0,0.5625,0,0,0,0,7094,32,0.1875,0.0625,0.0,0.0,0.0,0.0,0.0,0.0625,0.0,0.0,0.1875,0.0,0.0,0.0,0.375,0.0,0.125,0.0,0.0,0.0,0.0,0.0,0.0625,0.0625,0.4375,0.125,0.125,0.0625,0.0,0.0,0.0,0.0,0.0,0.0,0.0,0.0,0.1875,0.0,0.0625,0.125,0.125,0.0625,0.125,0.0625,0.0,0.0625,0.1875,0.0,0.0625,0.0625,0.4375,0.1875,1,1,2,1,1,2
30,,1,1,0,0,0,0,1,0,0,0.2222222222222222,0,0,0,0,7189,35,0.058823529411764705,0.11764705882352941,0.17647058823529413,0.058823529411764705,0.0,0.058823529411764705,0.0,0.058823529411764705,0.0,0.0,0.11764705882352941,0.0,0.058823529411764705,0.0,0.058823529411764705,0.0,0.17647058823529413,0.0,0.0,0.058823529411764705,0.0,0.17647058823529413,0.11764705882352941,0.29411764705882354,0.3529411764705882,0.17647058823529413,0.1111111111111111,0.05555555555555555,0.0,0.05555555555555555,0.0,0.0,0.0,0.0,0.05555555555555555,0.0,0.05555555555555555,0.05555555555555555,0.0,0.05555555555555555,0.16666666666666666,0.2777777777777778,0.0,0.05555555555555555,0.0,0.05555555555555555,0.1111111111111111,0.0,0.1111111111111111,0.1111111111111111,0.2222222222222222,0.2777777777777778,2,-1,1,2,1,1
31,,1,1,0,0,0,0,0,0,0,0.4,0,0,0,0,7364,60,0.1,0.16666666666666666,0.06666666666666667,0.0,0.0,0.03333333333333333,0.1,0.1,0.06666666666666667,0.0,0.1,0.03333333333333333,0.0,0.0,0.06666666666666667,0.06666666666666667,0.06666666666666667,0.03333333333333333,0.0,0.0,0.03333333333333333,0.16666666666666669,0.19999999999999998,0.3666666666666667,0.30000000000000004,0.13333333333333333,0.06666666666666667,0.13333333333333333,0.13333333333333333,0.0,0.0,0.0,0.0,0.23333333333333334,0.03333333333333333,0.0,0.06666666666666667,0.0,0.0,0.0,0.13333333333333333,0.13333333333333333,0.03333333333333333,0.03333333333333333,0.0,0.0,0.03333333333333333,0.13333333333333333,0.13333333333333333,0.26666666666666666,0.36666666666666664,0.16666666666666666,0,1,1,0,1,1
32,,1,1,0,0,0,0,0,0,0,0.4,0,0,0,0,7367,59,0.10344827586206896,0.1724137931034483,0.06896551724137931,0.0,0.0,0.034482758620689655,0.10344827586206896,0.10344827586206896,0.06896551724137931,0.0,0.06896551724137931,0.034482758620689655,0.0,0.0,0.06896551724137931,0.06896551724137931,0.06896551724137931,0.034482758620689655,0.0,0.0,0.034482758620689655,0.1724137931034483,0.20689655172413796,0.3793103448275862,0.27586206896551724,0.13793103448275862,0.06666666666666667,0.13333333333333333,0.13333333333333333,0.0,0.0,0.0,0.0,0.23333333333333334,0.03333333333333333,0.0,0.06666666666666667,0.0,0.0,0.0,0.13333333333333333,0.13333333333333333,0.03333333333333333,0.03333333333333333,0.0,0.0,0.03333333333333333,0.13333333333333333,0.13333333333333333,0.26666666666666666,0.36666666666666664,0.16666666666666666,0,1,1,0,1,1
33,,1,1,0,0,0,1,0,0,0,0.6296296296296297,0,0,0,0,7235,54,0.1111111111111111,0.037037037037037035,0.0,0.0,0.0,0.07407407407407407,0.0,0.18518518518518517,0.037037037037037035,0.0,0.1111111111111111,0.0,0.0,0.037037037037037035,0.1111111111111111,0.1111111111111111,0.14814814814814814,0.0,0.0,0.037037037037037035,0.037037037037037035,0.0,0.037037037037037035,0.037037037037037035,0.4444444444444444,0.25925925925925924,0.07407407407407407,0.037037037037037035,0.0,0.07407407407407407,0.0,0.07407407407407407,0.037037037037037035,0.07407407407407407,0.0,0.037037037037037035,0.18518518518518517,0.037037037037037035,0.0,0.0,0.07407407407407407,0.037037037037037035,0.14814814814814814,0.0,0.0,0.1111111111111111,0.0,0.037037037037037035,0.07407407407407407,0.1111111111111111,0.48148148148148145,0.18518518518518517,1,1,2,1,1,2
34,,1,1,0,0,0,1,0,0,0,0.6428571428571429,0,0,0,0,7235,55,0.1111111111111111,0.037037037037037035,0.0,0.0,0.0,0.07407407407407407,0.0,0.14814814814814814,0.037037037037037035,0.0,0.1111111111111111,0.0,0.0,0.037037037037037035,0.1111111111111111,0.1111111111111111,0.14814814814814814,0.0,0.0,0.07407407407407407,0.037037037037037035,0.0,0.037037037037037035,0.037037037037037035,0.4444444444444444,0.25925925925925924,0.07142857142857142,0.03571428571428571,0.0,0.07142857142857142,0.0,0.07142857142857142,0.03571428571428571,0.10714285714285714,0.0,0.03571428571428571,0.17857142857142858,0.03571428571428571,0.0,0.0,0.07142857142857142,0.03571428571428571,0.14285714285714285,0.0,0.0,0.10714285714285714,0.0,0.03571428571428571,0.07142857142857142,0.10714285714285714,0.5,0.17857142857142855,1,1,2,1,1,2
35,,1,1,0,0,0,1,0,0,1,0.3870967741935484,0,0,0,0,7282,61,0.1,0.2,0.0,0.0,0.06666666666666667,0.0,0.03333333333333333,0.06666666666666667,0.0,0.0,0.03333333333333333,0.0,0.0,0.03333333333333333,0.13333333333333333,0.23333333333333334,0.0,0.03333333333333333,0.0,0.06666666666666667,0.06666666666666667,0.03333333333333333,0.2,0.23333333333333334,0.26666666666666666,0.23333333333333334,0.03225806451612903,0.2903225806451613,0.03225806451612903,0.06451612903225806,0.0,0.03225806451612903,0.03225806451612903,0.06451612903225806,0.0,0.0967741935483871,0.0967741935483871,0.03225806451612903,0.0,0.03225806451612903,0.06451612903225806,0.0,0.0,0.0,0.03225806451612903,0.0967741935483871,0.06451612903225806,0.06451612903225806,0.32258064516129037,0.3870967741935484,0.3870967741935484,0.0,8,5,13,8,5,13
36,,1,1,0,0,0,0,1,0,1,0.6363636363636364,0,0,0,0,9271,44,0.18181818181818182,0.09090909090909091,0.09090909090909091,0.0,0.09090909090909091,0.0,0.0,0.045454545454545456,0.0,0.0,0.0,0.0,0.09090909090909091,0.0,0.18181818181818182,0.09090909090909091,0.045454545454545456,0.045454545454545456,0.0,0.045454545454545456,0.045454545454545456,0.09090909090909091,0.09090909090909091,0.18181818181818182,0.36363636363636365,0.13636363636363635,0.22727272727272727,0.13636363636363635,0.0,0.0,0.0,0.0,0.0,0.13636363636363635,0.0,0.0,0.22727272727272727,0.0,0.0,0.045454545454545456,0.13636363636363635,0.045454545454545456,0.045454545454545456,0.0,0.0,0.0,0.045454545454545456,0.0,0.13636363636363635,0.13636363636363635,0.5909090909090909,0.09090909090909091,3,0,3,3,0,3
37,,1,1,0,0,0,0,0,0,1,0.39285714285714285,1,1,0,0,9415,70,0.14285714285714285,0.19047619047619047,0.0,0.0,0.09523809523809523,0.0,0.0,0.19047619047619047,0.0,0.023809523809523808,0.047619047619047616,0.0,0.0,0.023809523809523808,0.047619047619047616,0.023809523809523808,0.023809523809523808,0.023809523809523808,0.023809523809523808,0.14285714285714285,0.07142857142857142,0.0,0.19047619047619047,0.19047619047619047,0.5476190476190476,0.047619047619047616,0.0,0.03571428571428571,0.03571428571428571,0.0,0.0,0.07142857142857142,0.07142857142857142,0.10714285714285714,0.03571428571428571,0.0,0.03571428571428571,0.03571428571428571,0.0,0.0,0.25,0.0,0.14285714285714285,0.07142857142857142,0.0,0.10714285714285714,0.07142857142857142,0.10714285714285714,0.07142857142857142,0.17857142857142855,0.25,0.14285714285714285,-1,8,7,1,8,7
38,,1,1,0,0,0,0,0,0,1,0.2777777777777778,1,1,0,0,9417,60,0.14285714285714285,0.19047619047619047,0.023809523809523808,0.0,0.09523809523809523,0.0,0.0,0.16666666666666666,0.0,0.023809523809523808,0.09523809523809523,0.0,0.0,0.0,0.11904761904761904,0.023809523809523808,0.0,0.023809523809523808,0.023809523809523808,0.07142857142857142,0.047619047619047616,0.023809523809523808,0.19047619047619047,0.21428571428571427,0.5,0.023809523809523808,0.05555555555555555,0.1111111111111111,0.1111111111111111,0.05555555555555555,0.0,0.0,0.05555555555555555,0.1111111111111111,0.0,0.0,0.0,0.0,0.0,0.0,0.3333333333333333,0.0,0.05555555555555555,0.05555555555555555,0.0,0.05555555555555555,0.05555555555555555,0.16666666666666666,0.1111111111111111,0.2777777777777778,0.2222222222222222,0.05555555555555555,-1,7,6,1,7,6
39,,1,1,0,0,0,0,0,0,1,0.39285714285714285,1,1,0,0,9451,58,0.13333333333333333,0.23333333333333334,0.0,0.0,0.1,0.0,0.0,0.13333333333333333,0.0,0.0,0.03333333333333333,0.0,0.0,0.03333333333333333,0.0,0.03333333333333333,0.03333333333333333,0.03333333333333333,0.03333333333333333,0.2,0.1,0.0,0.23333333333333334,0.23333333333333334,0.5,0.06666666666666667,0.0,0.03571428571428571,0.03571428571428571,0.0,0.0,0.07142857142857142,0.07142857142857142,0.10714285714285714,0.03571428571428571,0.0,0.03571428571428571,0.03571428571428571,0.0,0.0,0.25,0.0,0.14285714285714285,0.07142857142857142,0.0,0.10714285714285714,0.07142857142857142,0.10714285714285714,0.07142857142857142,0.17857142857142855,0.25,0.14285714285714285,-1,7,6,1,7,6
40,,1,1,0,0,0,0,0,0,1,0.39285714285714285,1,1,0,0,9487,46,0.1111111111111111,0.16666666666666666,0.0,0.0,0.05555555555555555,0.0,0.0,0.16666666666666666,0.0,0.0,0.05555555555555555,0.0,0.0,0.0,0.0,0.0,0.05555555555555555,0.05555555555555555,0.05555555555555555,0.2777777777777778,0.1111111111111111,0.0,0.16666666666666666,0.16666666666666666,0.6111111111111112,0.05555555555555555,0.0,0.03571428571428571,0.03571428571428571,0.0,0.0,0.07142857142857142,0.07142857142857142,0.10714285714285714,0.03571428571428571,0.0,0.03571428571428571,0.03571428571428571,0.0,0.0,0.25,0.0,0.14285714285714285,0.07142857142857142,0.0,0.10714285714285714,0.07142857142857142,0.10714285714285714,0.07142857142857142,0.17857142857142855,0.25,0.14285714285714285,-1,3,2,1,3,2
41,,1,1,0,0,0,1,0,0,0,0.3333333333333333,0,1,0,0,9440,65,0.125,0.0625,0.0,0.0,0.0,0.0,0.0,0.21875,0.0625,0.0,0.09375,0.0,0.0,0.0,0.125,0.125,0.09375,0.0,0.0,0.09375,0.0,0.0,0.0625,0.0625,0.53125,0.21875,0.12121212121212122,0.18181818181818182,0.030303030303030304,0.0,0.0,0.12121212121212122,0.0,0.12121212121212122,0.030303030303030304,0.030303030303030304,0.0,0.030303030303030304,0.0,0.0,0.18181818181818182,0.09090909090909091,0.06060606060606061,0.0,0.0,0.0,0.0,0.030303030303030304,0.21212121212121213,0.24242424242424243,0.2727272727272727,0.15151515151515152,6,2,8,6,2,8
42,,1,1,0,0,0,1,0,0,0,0.42857142857142855,0,0,0,0,9440,66,0.2,0.1,0.0,0.0,0.0,0.0,0.0,0.1,0.0,0.0,0.1,0.0,0.0,0.0,0.1,0.0,0.1,0.0,0.0,0.3,0.0,0.0,0.1,0.1,0.7000000000000001,0.1,0.10714285714285714,0.125,0.017857142857142856,0.0,0.0,0.07142857142857142,0.0,0.17857142857142858,0.05357142857142857,0.017857142857142856,0.03571428571428571,0.017857142857142856,0.0,0.0,0.16071428571428573,0.125,0.07142857142857142,0.0,0.0,0.017857142857142856,0.0,0.017857142857142856,0.14285714285714285,0.1607142857142857,0.3571428571428571,0.19642857142857142,7,1,8,7,1,8
43,,1,1,0,0,0,1,0,0,1,0.1875,0,1,0,0,9679,32,0.0625,0.0625,0.0,0.0,0.0625,0.0,0.0,0.1875,0.0625,0.0,0.125,0.0,0.0625,0.0625,0.0625,0.0625,0.0625,0.0625,0.0,0.0625,0.125,0.0,0.0625,0.0625,0.5,0.125,0.0,0.1875,0.0,0.0,0.0,0.0,0.0,0.0625,0.0625,0.0,0.0,0.0,0.0,0.0625,0.3125,0.0625,0.0,0.125,0.0,0.125,0.1875,0.0,0.1875,0.1875,0.1875,0.0625,3,1,4,3,1,4
44,,1,1,0,0,0,1,0,0,1,0.3333333333333333,0,1,0,0,9679,60,0.1,0.13333333333333333,0.03333333333333333,0.0,0.06666666666666667,0.0,0.0,0.26666666666666666,0.0,0.03333333333333333,0.03333333333333333,0.0,0.0,0.06666666666666667,0.1,0.06666666666666667,0.0,0.0,0.0,0.1,0.06666666666666667,0.03333333333333333,0.13333333333333333,0.16666666666666666,0.5333333333333333,0.06666666666666667,0.03333333333333333,0.13333333333333333,0.0,0.0,0.03333333333333333,0.0,0.0,0.1,0.06666666666666667,0.0,0.06666666666666667,0.0,0.03333333333333333,0.06666666666666667,0.2,0.06666666666666667,0.03333333333333333,0.1,0.0,0.06666666666666667,0.16666666666666669,0.0,0.13333333333333333,0.13333333333333333,0.3,0.1,4,3,7,4,3,7
45,,1,1,0,0,0,1,0,0,1,0.36363636363636365,0,1,0,0,9679,66,0.18181818181818182,0.15151515151515152,0.030303030303030304,0.0,0.09090909090909091,0.0,0.0,0.21212121212121213,0.0,0.030303030303030304,0.06060606060606061,0.0,0.0,0.06060606060606061,0.09090909090909091,0.030303030303030304,0.0,0.0,0.0,0.06060606060606061,0.06060606060606061,0.030303030303030304,0.15151515151515152,0.18181818181818182,0.5454545454545454,0.030303030303030304,0.030303030303030304,0.12121212121212122,0.0,0.0,0.030303030303030304,0.0,0.0,0.12121212121212122,0.06060606060606061,0.0,0.06060606060606061,0.0,0.030303030303030304,0.06060606060606061,0.18181818181818182,0.09090909090909091,0.030303030303030304,0.09090909090909091,0.0,0.09090909090909091,0.15151515151515152,0.0,0.12121212121212122,0.12121212121212122,0.33333333333333337,0.12121212121212122,4,4,8,4,4,8
46,,1,1,0,0,0,1,0,0,1,0.4,0,1,1,0,9950,236,0.10407239819004525,0.04072398190045249,0.03167420814479638,0.027149321266968326,0.004524886877828055,0.01809954751131222,0.03619909502262444,0.08597285067873303,0.01809954751131222,0.08144796380090498,0.14027149321266968,0.05429864253393665,0.02262443438914027,0.07239819004524888,0.049773755656108594,0.04072398190045249,0.049773755656108594,0.013574660633484163,0.013574660633484163,0.09502262443438914,0.0995475113122172,0.06787330316742082,0.09502262443438914,0.16289592760180996,0.5294117647058824,0.09049773755656108,0.26666666666666666,0.26666666666666666,0.0,0.0,0.0,0.13333333333333333,0.0,0.13333333333333333,0.06666666666666667,0.0,0.0,0.06666666666666667,0.0,0.0,0.06666666666666667,0.0,0.0,0.0,0.0,0.0,0.0,0.0,0.3333333333333333,0.3333333333333333,0.4,0.0,5,6,11,5,6,11
47,,1,1,0,0,0,0,0,0,1,0.2857142857142857,0,1,0,0,10723,55,0.1111111111111111,0.1111111111111111,0.0,0.0,0.037037037037037035,0.14814814814814814,0.0,0.1111111111111111,0.037037037037037035,0.0,0.037037037037037035,0.0,0.037037037037037035,0.0,0.037037037037037035,0.14814814814814814,0.1111111111111111,0.0,0.037037037037037035,0.037037037037037035,0.037037037037037035,0.0,0.1111111111111111,0.1111111111111111,0.3333333333333333,0.25925925925925924,0.07142857142857142,0.25,0.0,0.0,0.0,0.0,0.0,0.14285714285714285,0.0,0.0,0.0,0.0,0.0,0.0,0.39285714285714285,0.07142857142857142,0.07142857142857142,0.0,0.0,0.0,0.0,0.0,0.25,0.25,0.21428571428571427,0.14285714285714285,7,3,10,7,3,10
48,,1,1,0,0,0,0,0,0,0,0.2857142857142857,0,1,0,0,10762,42,0.047619047619047616,0.14285714285714285,0.0,0.0,0.0,0.0,0.0,0.19047619047619047,0.047619047619047616,0.0,0.047619047619047616,0.0,0.047619047619047616,0.0,0.23809523809523808,0.14285714285714285,0.09523809523809523,0.0,0.0,0.0,0.0,0.0,0.14285714285714285,0.14285714285714285,0.3333333333333333,0.23809523809523808,0.047619047619047616,0.2857142857142857,0.0,0.0,0.0,0.0,0.0,0.14285714285714285,0.0,0.0,0.0,0.0,0.0,0.0,0.3333333333333333,0.09523809523809523,0.09523809523809523,0.0,0.0,0.0,0.0,0.0,0.2857142857142857,0.2857142857142857,0.19047619047619047,0.19047619047619047,6,3,9,6,3,9
49,,1,1,0,0,0,1,0,0,0,0.48148148148148145,0,0,0,0,10657,46,0.15789473684210525,0.05263157894736842,0.0,0.0,0.0,0.0,0.0,0.2631578947368421,0.05263157894736842,0.05263157894736842,0.10526315789473684,0.0,0.0,0.0,0.10526315789473684,0.05263157894736842,0.10526315789473684,0.0,0.0,0.05263157894736842,0.0,0.0,0.05263157894736842,0.05263157894736842,0.631578947368421,0.15789473684210525,0.14814814814814814,0.1111111111111111,0.037037037037037035,0.0,0.0,0.0,0.037037037037037035,0.07407407407407407,0.037037037037037035,0.0,0.18518518518518517,0.0,0.0,0.037037037037037035,0.2222222222222222,0.037037037037037035,0.07407407407407407,0.0,0.0,0.0,0.037037037037037035,0.07407407407407407,0.1111111111111111,0.18518518518518517,0.4074074074074074,0.1111111111111111,1,1,2,1,1,2
50,,1,1,0,0,0,0,1,0,0,0.5833333333333334,0,1,0,0,10912,125,0.0,0.024390243902439025,0.04878048780487805,0.024390243902439025,0.0,0.04878048780487805,0.0975609756097561,0.17073170731707318,0.07317073170731707,0.07317073170731707,0.024390243902439025,0.024390243902439025,0.04878048780487805,0.04878048780487805,0.024390243902439025,0.024390243902439025,0.04878048780487805,0.0,0.024390243902439025,0.17073170731707318,0.07317073170731708,0.14634146341463417,0.04878048780487805,0.1951219512195122,0.48780487804878053,0.07317073170731708,0.10714285714285714,0.09523809523809523,0.023809523809523808,0.023809523809523808,0.011904761904761904,0.05952380952380952,0.07142857142857142,0.11904761904761904,0.011904761904761904,0.023809523809523808,0.10714285714285714,0.023809523809523808,0.03571428571428571,0.023809523809523808,0.011904761904761904,0.047619047619047616,0.08333333333333333,0.0,0.011904761904761904,0.10714285714285714,0.03571428571428571,0.09523809523809523,0.11904761904761904,0.21428571428571427,0.5,0.13095238095238093,2,-4,-2,2,4,2
51,,1,1,0,0,0,1,0,0,1,0.5,0,1,0,0,10752,56,0.03571428571428571,0.14285714285714285,0.07142857142857142,0.0,0.07142857142857142,0.03571428571428571,0.03571428571428571,0.17857142857142858,0.03571428571428571,0.03571428571428571,0.03571428571428571,0.0,0.03571428571428571,0.0,0.14285714285714285,0.03571428571428571,0.03571428571428571,0.0,0.0,0.07142857142857142,0.0,0.10714285714285714,0.14285714285714285,0.25,0.3928571428571428,0.07142857142857142,0.03571428571428571,0.25,0.03571428571428571,0.0,0.0,0.0,0.03571428571428571,0.25,0.0,0.03571428571428571,0.07142857142857142,0.0,0.0,0.0,0.14285714285714285,0.0,0.0,0.03571428571428571,0.0,0.10714285714285714,0.03571428571428571,0.07142857142857142,0.25,0.3214285714285714,0.5,0.0,5,1,6,5,1,6
52,,1,1,0,0,0,1,0,0,1,0.5172413793103449,0,1,0,0,10752,58,0.034482758620689655,0.13793103448275862,0.06896551724137931,0.0,0.06896551724137931,0.034482758620689655,0.034482758620689655,0.1724137931034483,0.034482758620689655,0.034482758620689655,0.034482758620689655,0.0,0.06896551724137931,0.0,0.1724137931034483,0.034482758620689655,0.034482758620689655,0.0,0.0,0.034482758620689655,0.0,0.10344827586206896,0.13793103448275862,0.24137931034482757,0.37931034482758624,0.06896551724137931,0.034482758620689655,0.2413793103448276,0.034482758620689655,0.0,0.0,0.0,0.034482758620689655,0.2413793103448276,0.0,0.034482758620689655,0.06896551724137931,0.0,0.0,0.0,0.13793103448275862,0.0,0.0,0.034482758620689655,0.0,0.13793103448275862,0.034482758620689655,0.06896551724137931,0.2413793103448276,0.3103448275862069,0.5172413793103448,0.0,5,1,6,5,1,6
53,,1,1,0,0,0,1,0,0,0,0.2631578947368421,0,0,0,0,11327,37,0.0,0.16666666666666666,0.05555555555555555,0.0,0.0,0.0,0.0,0.1111111111111111,0.1111111111111111,0.05555555555555555,0.0,0.0,0.05555555555555555,0.0,0.1111111111111111,0.16666666666666666,0.05555555555555555,0.0,0.0,0.1111111111111111,0.0,0.05555555555555555,0.16666666666666666,0.2222222222222222,0.33333333333333337,0.2222222222222222,0.05263157894736842,0.21052631578947367,0.05263157894736842,0.05263157894736842,0.0,0.05263157894736842,0.10526315789473684,0.0,0.0,0.0,0.10526315789473684,0.0,0.0,0.05263157894736842,0.10526315789473684,0.10526315789473684,0.05263157894736842,0.0,0.0,0.05263157894736842,0.05263157894736842,0.15789473684210525,0.21052631578947367,0.3684210526315789,0.21052631578947367,0.15789473684210525,1,2,3,1,2,3
54,,1,1,0,0,0,1,0,0,0,0.2608695652173913,0,0,0,0,11327,46,0.08695652173913043,0.21739130434782608,0.043478260869565216,0.0,0.0,0.0,0.0,0.08695652173913043,0.043478260869565216,0.08695652173913043,0.0,0.0,0.08695652173913043,0.0,0.08695652173913043,0.13043478260869565,0.0,0.0,0.043478260869565216,0.08695652173913043,0.043478260869565216,0.043478260869565216,0.21739130434782608,0.2608695652173913,0.43478260869565216,0.13043478260869565,0.043478260869565216,0.21739130434782608,0.043478260869565216,0.043478260869565216,0.0,0.043478260869565216,0.08695652173913043,0.0,0.043478260869565216,0.0,0.08695652173913043,0.0,0.0,0.043478260869565216,0.13043478260869565,0.08695652173913043,0.08695652173913043,0.0,0.0,0.043478260869565216,0.043478260869565216,0.13043478260869565,0.21739130434782608,0.34782608695652173,0.17391304347826086,0.17391304347826086,2,4,6,2,4,6
