PK,Classification,F?LD,S????C,T????C,S?????C,T?????C,Within 500 nt?,Cluster contains PF04738,Cluster contains PF05147,Cluster LACKS PF04738,Cluster LACKS PF05147,Cluster contains PF14028,Cluster contains PF00082,Cluster contains PF03412,Cluster contains PF00005,Cluster contains PF02624,Cluster contains PF00899,Cluster contains PF02052,Cluster contains PF08130,Precursor mass < 4000,Core mass < 2000,Peptide hits cl03420 (Gallidermin),Peptide hits TIGR03731 (lantibio_gallid),Peptide hits cl22812 (lanti_SCO0268),Peptide hits TIGR04363 (LD_lanti_pre),Peptide hits cl06940 (Antimicrobial18),Peptide hits PF02052 (Gallidermin),Peptide hits PF08130 (Antimicrobial18),Precursor peptide mass (unmodified),Leader peptide mass (unmodified),Core peptide mass (unmodified),Length of Leader,Length of Core,Length of precursor,Leader / core ratio,Core >= 35,Has repeating C motifs (not in last 3 residues),Leader > 4 neg charge motifs,Leader net neg charge,Leader FxLD,C-terminal CC,core DGCGxTC motif,core SFNS motif,core SxxLC motif,core CTxGC motif,core TPGC motif,core SFNS?C,Core Cys <3,Core Cys <2,No Core Cys residues,No Core Ser residues,No Core Thr residues,LS max >4,LS max <3,LS 4-membered ring >2,LS 5-membered ring >2,LS 6-membered ring,LS 7-membered ring,LS 8-membered ring,MEME/FIMO,LS max ring number,LS lan4,LS lan5,LS lan6,LS lan7,LS lan8,Ratio of Cys to sum of Ser/Thr,Ratio of Cys/Ser/Thr to len of core,Log10 MEME/FIMO score,log10 MEME motif 1,MEME motif 2,MEME motif 3,MEME motif 4,MEME motif 5,A,R,D,N,C,Q,E,G,H,I,L,K,M,F,P,S,T,W,Y,V,Aromatics,Neg charged,Pos charged,Charged,Aliphatic,Hydroxyl,A,R,D,N,C,Q,E,G,H,I,L,K,M,F,P,S,T,W,Y,V,Aromatics,Neg charged,Pos charged,Charged,Aliphatic,Hydroxyl,A,R,D,N,C,Q,E,G,H,I,L,K,M,F,P,S,T,W,Y,V,Aromatics,Neg charged,Pos charged,Charged,Aliphatic,Hydroxyl
0,,0,0,0,0,0,1,0,0,1,1,0,0,0,1,0,0,0,0,1,0,0,0,0,0,0,0,0,3968.0710690000005,867.456263,3118.6253709999996,8,26,34,0.3076923076923077,0,0,0,0,0,0,0,0,0,0,0,0,1,0,0,0,0,0,1,0,0,0,0,1,0,1,0,0,0,0,1,0.5,0.23076923076923078,0,0,0,0,0,0,1,1,0,0,0,0,1,1,1,0,0,0,0,0,0,0,1,0,0,2,0,1,1,2,4,1,2,5,0,2,2,1,1,0,2,2,2,0,0,0,0,2,2,1,0,2,1,1,5,6,8,4,3,6,0,2,2,1,2,1,3,2,2,0,0,0,0,2,3,1,0,4,1,2,6,8,12,5
1,,0,0,0,0,0,1,0,0,1,1,0,0,0,1,0,0,0,0,0,0,0,0,0,0,0,0,0,7043.555162,1796.9831900000001,5264.582536999999,16,49,65,0.32653061224489793,1,0,0,0,0,0,0,0,0,0,0,0,0,0,0,0,0,0,1,0,0,0,0,1,0,1,0,0,0,0,1,0.8,0.1836734693877551,0,0,0,0,0,0,0,2,0,2,0,0,0,1,1,0,3,0,1,0,4,1,0,0,0,1,0,0,2,2,6,1,4,8,3,0,4,2,2,6,0,2,2,1,0,2,8,4,1,0,0,0,2,5,9,14,14,5,4,10,3,2,4,2,2,7,1,2,5,1,1,2,12,5,1,0,0,1,2,5,11,16,20,6
2,,0,0,0,0,0,1,0,0,1,1,0,0,0,1,0,0,0,0,0,0,0,0,0,0,0,0,0,5519.752061999998,1256.6369449999995,4281.125682,12,39,51,0.3076923076923077,1,0,0,0,0,0,0,0,0,0,0,0,1,0,0,0,0,0,1,0,0,0,0,1,0,1,0,0,0,0,1,0.5,0.15384615384615385,0,0,0,0,0,0,2,1,0,0,2,1,0,0,0,0,2,0,0,0,2,1,0,0,0,1,0,0,1,1,5,1,2,8,3,0,2,1,2,6,0,2,0,1,0,2,6,3,1,0,0,0,2,5,9,14,10,4,4,9,3,0,4,2,2,6,0,2,2,1,0,2,8,4,1,0,0,1,2,5,10,15,15,5
3,,0,0,0,0,0,1,0,0,1,1,0,0,0,1,0,0,0,0,0,0,0,0,0,0,0,0,0,4017.1867090000005,881.5082980000002,3153.688976,8,24,32,0.3333333333333333,0,0,0,0,0,0,0,0,0,0,0,0,1,1,0,0,0,0,1,0,0,0,0,0,0,0,0,0,0,0,0,0.5,0.125,0,0,0,0,0,0,2,0,0,0,0,1,0,0,1,0,1,2,0,0,0,1,0,0,0,0,0,0,2,2,3,1,0,7,0,1,1,3,1,0,1,1,1,0,1,1,0,1,1,1,0,3,2,1,7,8,6,2,2,7,0,1,1,4,1,0,2,1,2,2,1,1,0,2,1,1,0,3,2,1,9,10,9,3
4,,0,45,0,0,0,1,0,0,1,1,0,0,0,1,0,0,0,0,0,0,0,0,0,0,0,0,0,7338.911855999996,1761.962495,5594.9599259999995,17,51,68,0.3333333333333333,1,0,0,0,0,0,0,0,0,0,0,0,1,1,0,0,1,0,1,0,0,1,0,0,0,1,0,0,1,0,0,0.2,0.11764705882352941,0,0,0,0,0,0,3,0,0,2,0,1,1,0,0,1,1,1,0,0,3,0,2,0,0,2,0,1,1,2,7,2,9,8,1,0,1,1,1,5,1,1,5,0,0,2,4,5,0,2,2,3,6,2,8,10,23,5,12,8,1,2,1,2,2,5,1,2,6,1,0,2,7,5,2,2,2,5,6,3,9,12,30,7
5,,0,41,0,0,0,1,0,0,1,1,0,0,0,1,0,0,0,0,0,0,0,0,0,0,0,0,0,6772.605444999999,1563.898439,5226.717571000001,15,47,62,0.3191489361702128,1,0,0,0,0,0,0,0,0,0,0,0,1,1,0,0,1,0,1,0,0,1,0,0,0,1,0,0,1,0,0,0.2,0.1276595744680851,0,0,0,0,0,0,2,0,0,2,0,1,1,1,0,1,2,1,0,0,1,0,0,0,0,3,0,1,1,2,9,0,9,8,1,0,1,1,1,4,1,1,4,0,0,2,4,5,0,2,2,1,6,2,8,10,19,5,11,8,1,2,1,2,2,5,1,2,6,1,0,2,5,5,0,2,2,4,6,3,9,12,28,5
6,,0,0,0,0,0,1,0,0,1,1,0,0,0,1,0,0,0,0,0,0,0,0,0,0,0,0,0,5900.235664000002,1188.6502679999999,4729.595961,13,39,52,0.3333333333333333,1,0,0,0,0,0,0,0,0,0,0,0,1,1,0,0,0,0,1,0,0,0,0,0,0,0,0,0,0,0,0,0.25,0.1282051282051282,0,0,0,0,0,0,3,0,0,1,0,0,0,3,0,1,1,0,0,1,0,0,1,0,0,2,1,0,0,0,10,1,3,9,0,1,1,4,1,2,2,1,2,3,1,1,0,3,1,1,0,3,2,1,12,13,12,4,6,9,0,2,1,4,1,5,2,2,3,3,1,2,0,3,2,1,0,5,3,1,12,13,22,5
7,,0,0,0,0,0,1,0,0,1,1,0,0,0,1,0,0,0,0,0,0,0,0,0,0,0,0,0,4548.345324,1207.5767890000002,3358.7790999999997,10,33,43,0.30303030303030304,0,0,0,0,0,0,0,0,0,0,0,0,1,1,1,0,1,0,1,0,0,0,0,0,0,0,0,0,0,0,0,0.0,0.09090909090909091,0,0,0,0,0,0,0,2,2,0,1,1,0,1,0,0,1,0,0,1,0,0,0,0,0,1,1,2,2,4,3,0,5,5,2,0,0,2,1,7,1,1,0,3,0,0,1,3,0,0,0,2,0,3,8,11,15,3,5,7,4,0,1,3,1,8,1,1,1,3,0,1,1,3,0,0,0,3,1,5,10,15,18,3
8,,0,32,0,0,0,1,0,0,1,1,0,0,0,1,0,0,0,0,0,0,0,0,0,0,0,0,0,5537.938463,1391.8037509999997,4164.1452770000005,12,38,50,0.3157894736842105,1,0,0,0,0,0,0,0,0,0,0,0,1,1,0,0,1,0,1,0,0,1,0,0,0,1,0,0,1,0,0,0.2,0.15789473684210525,0,0,0,0,0,0,2,2,0,0,0,1,0,1,0,0,2,0,0,1,0,0,0,0,1,2,2,0,2,2,7,0,7,6,1,0,1,0,1,3,1,1,3,0,0,1,4,5,0,2,1,1,4,2,6,8,15,5,9,8,1,0,1,1,1,4,1,1,5,0,0,2,4,5,0,2,2,3,6,2,8,10,22,5
9,,0,0,0,0,0,1,0,0,1,1,0,0,0,1,0,0,0,0,1,0,0,0,0,0,0,0,0,3925.027245000001,1017.5753309999999,2925.4624790000007,9,27,36,0.3333333333333333,0,0,0,0,0,1,0,0,0,0,0,0,0,0,0,0,0,0,1,0,0,0,0,0,0,1,1,0,0,0,0,0.8,0.3333333333333333,0,0,0,0,0,0,2,2,0,0,0,0,0,0,0,0,1,0,1,0,0,0,2,0,0,1,0,0,2,2,5,2,2,1,0,1,4,0,1,0,0,2,4,1,0,2,3,3,2,0,0,1,2,1,2,3,9,5,4,3,0,1,4,0,1,0,0,2,5,1,1,2,3,3,4,0,0,2,2,1,4,5,14,7
10,,0,0,0,0,0,1,0,0,1,1,0,0,0,1,0,0,0,0,0,0,0,0,0,0,0,0,0,5071.6566539999985,1283.617983,3806.0492359999985,11,35,46,0.3142857142857143,1,0,0,0,0,0,0,0,0,0,0,0,1,1,1,0,0,0,1,0,0,0,0,0,0,0,0,0,0,0,0,0.0,0.14285714285714285,0,0,0,0,0,0,0,0,0,1,0,1,0,0,0,0,0,2,1,0,1,2,2,0,1,0,1,0,2,2,1,4,3,3,0,1,0,2,1,4,1,1,2,2,0,1,3,3,2,1,1,4,3,1,5,6,14,5,3,3,0,2,0,3,1,4,1,1,2,4,1,1,4,5,4,1,2,4,4,1,7,8,15,9
11,,0,0,24,0,23,1,0,0,1,1,0,0,0,1,0,0,0,0,0,0,0,0,0,0,0,0,0,5566.815480000003,1272.5946049999998,4312.2314400000005,13,39,52,0.3333333333333333,1,0,0,1,0,0,0,0,0,0,0,0,0,0,0,0,0,0,0,0,0,1,1,1,0,3,0,0,1,1,1,0.42857142857142855,0.2564102564102564,0,0,0,0,0,0,2,1,2,0,0,0,1,2,0,0,1,0,0,0,1,2,0,0,0,1,0,3,1,4,6,2,3,10,0,1,3,0,0,5,2,0,1,0,0,1,5,1,6,0,0,1,1,0,10,10,10,7,5,11,2,1,3,0,1,7,2,0,2,0,0,1,6,3,6,0,0,2,1,3,11,14,16,9
12,,6,0,0,0,0,1,0,0,1,1,0,0,0,1,0,0,0,0,1,1,0,0,0,0,0,0,0,3633.8984140000002,2851.483683,800.425296,26,8,34,3.25,0,0,0,0,6,0,0,0,0,0,0,0,1,1,1,0,0,0,1,0,0,0,0,0,0,0,0,0,0,0,0,0.0,0.25,0,0,0,0,0,0,4,3,2,0,0,1,1,1,0,1,3,0,2,1,4,1,1,0,0,1,1,3,3,6,12,2,1,2,0,0,0,0,0,2,0,0,0,0,0,0,1,1,1,0,0,0,0,0,2,2,3,2,5,5,2,0,0,1,1,3,0,1,3,0,2,1,5,2,2,0,0,1,1,3,5,8,15,4
13,,5,0,0,0,0,1,0,0,1,1,0,0,0,1,0,0,0,0,1,1,0,0,0,0,0,0,0,3502.85793,2720.443199,800.425296,25,8,33,3.125,0,0,0,0,5,0,0,0,0,0,0,0,1,1,1,0,0,0,1,0,0,0,0,0,0,0,0,0,0,0,0,0.0,0.25,0,0,0,0,0,0,4,3,2,0,0,1,1,1,0,1,3,0,1,1,4,1,1,0,0,1,1,3,3,6,11,2,1,2,0,0,0,0,0,2,0,0,0,0,0,0,1,1,1,0,0,0,0,0,2,2,3,2,5,5,2,0,0,1,1,3,0,1,3,0,1,1,5,2,2,0,0,1,1,3,5,8,14,4
14,,0,0,0,0,0,1,0,0,1,1,0,0,0,1,0,0,0,0,1,0,0,0,0,0,0,0,0,3127.634257999999,748.3537709999999,2397.2910519999996,7,24,31,0.2916666666666667,0,0,0,0,0,0,0,0,0,0,0,0,1,1,0,0,0,0,1,0,0,1,0,0,0,1,0,0,1,0,0,0.25,0.20833333333333334,0,0,0,0,0,0,1,1,0,0,0,0,1,1,0,0,0,0,1,0,0,1,0,0,0,1,0,1,1,2,4,1,5,2,0,2,1,1,0,2,0,2,1,1,0,0,1,2,2,0,0,2,0,0,3,3,12,4,6,3,0,2,1,1,1,3,0,2,1,1,1,0,1,3,2,0,0,3,0,1,4,5,16,5
15,,0,8,0,7,0,1,0,0,1,1,0,0,0,1,0,0,0,0,0,0,0,0,0,0,0,0,0,4113.139592999999,946.4944370000001,3184.6557209999996,10,32,42,0.3125,0,0,0,0,0,0,0,0,0,0,0,0,1,1,0,0,0,0,1,0,0,1,1,0,0,2,0,0,1,1,0,0.2,0.1875,0,0,0,0,0,0,2,2,0,0,0,0,0,2,0,0,0,0,0,0,0,3,0,0,0,1,0,0,2,2,5,3,6,3,0,2,1,1,1,4,0,2,1,1,1,0,1,3,2,0,0,3,0,1,4,5,17,5,8,5,0,2,1,1,1,6,0,2,1,1,1,0,1,6,2,0,0,4,0,1,6,7,22,8
16,,0,0,0,0,0,1,0,0,1,1,0,0,0,1,0,0,0,0,1,0,0,0,0,0,0,0,0,3305.470594,944.508649,2378.9725100000005,8,25,33,0.32,0,0,0,0,0,1,0,0,0,0,0,0,0,0,0,0,1,0,1,0,0,0,0,0,0,1,1,0,0,0,0,1.5,0.2,0,0,0,0,0,0,0,3,0,1,0,0,0,2,0,0,0,0,1,0,0,0,0,0,0,1,0,0,3,3,4,0,7,2,2,0,3,0,0,5,1,0,0,0,1,0,0,2,0,1,0,1,1,2,2,4,14,2,7,5,2,1,3,0,0,7,1,0,0,0,2,0,0,2,0,1,0,2,1,2,5,7,18,2
17,,0,2,18,4,0,1,0,0,1,1,0,0,0,1,0,0,0,0,1,0,0,0,0,0,0,0,0,3608.629759,877.357477,2749.282847,7,24,31,0.2916666666666667,0,0,0,0,0,0,0,0,0,0,0,0,0,0,0,0,0,1,0,0,0,1,1,0,0,5,0,1,3,1,0,0.8,0.375,0,0,0,0,0,0,1,1,1,0,1,0,0,0,0,0,0,0,1,0,1,0,0,1,0,0,1,1,1,2,2,0,1,6,0,0,4,0,0,3,0,0,0,1,1,1,0,4,1,1,0,1,2,0,7,7,6,5,2,7,1,0,5,0,0,3,0,0,0,1,2,1,1,4,1,2,0,1,3,1,8,9,8,5
