Precursor Index,classification, <600 from MdnB C or D, <300 from MdnB C or D, >2000 from MdnB C or D, 2nd half contains >8% Asp residue (acceptor site), 2n half of precursor contains >7% Thr residues (donor site), Full length precursor contains >7% Lys residues (donor site), Second half of precursor contains >7% Pro residues, Precursor contains >0 Cys residues, Second half of precursor contains <3 acceptor residues (Asp + Glu), Second half of precursor contains <3 donor residues (Ser + Thr + Lys), Second half of precursor contains more donor residues than acceptor residues, % acceptor residues in second half of precursor > % acceptor residues in first half of precursor,  % acceptor residues (Asp + Glu) in second half of precursor >13%, % donor residues (Ser + Thr + Lys) in second half of precursor >18%, Precursor ends with Val or Leu, Precursor ends with Tyr or Ser, First half of the precursor contains a “PFxL” motif, Precursor and the ATP-grasp protein (MdnC homolog) are encoded on same strand, Gene cluster contains one of the following: PF0005 PF06472 PF00664 PF03412 (ABC transporters that co-occur frequently), Gene cluster contains one of the following: PF13302 PF00583 PF13523 (acetyltransferases that co-occur frequently), A local gene product hits TIGR04188 (methyltransferase), Precursor hits PF12559 (serine endopeptidase inhibitor) or TIGR04186 (GRASP_targ), Precursor his PF14404 (strep_pep) PF14406 (bacteroid_pep) PF14407 (frankia_pep) PF14408 (actino_pep) or PF14409 (herpeto_pep), Acceptor compressionC index > Donor compressionC index*, Calculated charge at pH7 of second half of precursor < charge of first half of precursor, Precursor peptide contains sequence motif #1 “PFFAxxL”, Precursor peptide contains sequence motif #2 “TxKxPSD”, Minimum distance from MdnB C D homologs  (nt), Precursor length, Estimated leader charge, Estimated core charge, Estimated precursor charge,Absolute value of core charge,Absolute value of leader charge,Absolute value of precursor charge,LEADER A,R,D,N,C,Q,E,G,H,I,L,K,M,F,P,S,T,W,Y,V,Aromatics,Neg charged,Pos charged,Charged,Aliphatic,Hydroxyl,CORE A,R,D,N,C,Q,E,G,H,I,L,K,M,F,P,S,T,W,Y,V,Aromatics,Neg charged,Pos charged,Charged,Aliphatic,Hydroxyl,PRECURSOR A,R,D,N,C,Q,E,G,H,I,L,K,M,F,P,S,T,W,Y,V, LAST RESIDUE A,R,D,N,C,Q,E,G,H,I,L,K,M,F,P,S,T,W,Y,V,Aromatics,Neg charged,Pos charged,Charged,Aliphatic,Hydroxyl, acceptor compression index, donor compression index, total motifs hit, meme1,meme2,meme3,meme4,meme5,meme6,meme7,meme8,meme9,meme10,meme11,meme12,meme13,meme14,meme15, sum of meme scores, no motifs present 
0,0,1,0,0,0,0,0,0,0,1,0,1,0,0,1,1,0,0,1,0,0,0,0,0,0,1,1,0,467,44,2,-1,1,1,2,1,2,0,0,1,0,1,0,1,1,2,5,1,1,1,0,1,3,0,1,1,2,0,1,1,12,4,1,0,1,1,0,4,1,0,1,0,1,0,0,2,0,3,1,1,0,5,3,2,0,2,7,4,3,0,1,2,0,5,1,1,2,2,6,1,1,3,0,4,4,1,1,6,5,2,1,3,19,8,0,0,0,0,0,0,0,0,0,0,0,0,0,0,0,0,0,0,0,1,14.4,18.168712349,2,-189.493,0,0,0,0,0,0,0,0,-30.7162,0,0,0,0,0,-220.2092,0
1,0,1,0,0,0,0,0,0,0,1,0,1,0,0,1,1,0,0,1,0,0,0,0,0,0,1,0,0,467,42,2,-1,1,1,2,1,2,0,0,2,0,1,0,1,1,2,4,1,1,1,0,1,2,0,1,1,2,0,1,1,11,3,1,0,1,0,0,4,1,0,1,0,1,0,0,2,0,3,1,1,0,5,3,2,0,2,7,4,3,0,1,2,0,5,1,1,2,2,5,1,1,3,0,4,3,1,1,6,5,2,1,3,18,7,0,0,0,0,0,0,0,0,0,0,0,0,0,0,0,0,0,0,0,1,13.2,17.0779270102,1,0,0,0,0,0,0,0,0,0,-30.7162,0,0,0,0,0,-30.7162,0
2,0,1,0,0,0,0,0,0,0,1,0,1,0,0,1,1,0,0,1,0,0,0,0,0,0,1,0,0,467,38,1,0,1,0,1,1,1,0,1,2,0,1,0,0,1,2,2,1,1,1,0,1,3,0,1,1,2,1,1,2,7,4,1,0,0,0,0,4,1,0,1,0,1,0,0,2,0,3,0,1,0,5,3,1,0,1,7,3,2,0,1,2,0,5,1,0,2,2,3,1,1,3,0,4,3,1,1,6,5,2,1,3,14,7,0,0,0,0,0,0,0,0,0,0,0,0,0,0,0,0,0,0,0,1,10.8,14.6779270102,1,0,0,0,0,0,0,0,0,0,-30.7162,0,0,0,0,0,-30.7162,0
3,0,1,0,0,0,0,0,0,0,1,0,1,0,0,0,1,0,0,1,0,0,0,0,0,0,1,0,0,467,35,1,0,1,0,1,1,1,0,1,2,0,1,0,0,1,2,1,1,1,1,0,2,2,0,1,0,2,1,1,2,5,4,1,0,0,0,0,4,1,0,1,0,1,0,0,2,0,2,0,1,0,5,3,1,0,1,7,2,2,0,1,2,0,5,1,0,2,2,2,1,1,3,0,4,2,1,1,5,5,2,1,3,12,6,0,0,0,0,0,0,0,0,0,0,0,0,0,0,0,0,0,0,0,1,9,13.0461772268,1,0,0,0,0,0,0,0,0,0,-30.7162,0,0,0,0,0,-30.7162,0
4,1,1,1,0,0,0,1,1,0,1,0,1,0,0,1,0,0,0,1,0,0,0,1,0,1,1,1,1,276,49,1,-2,-1,2,1,1,3,1,1,1,0,2,1,1,0,0,2,2,1,3,2,2,0,0,1,1,4,2,3,5,8,2,0,1,2,0,0,0,4,0,1,2,0,2,0,0,3,6,1,2,1,0,3,6,3,9,2,7,3,2,3,1,0,2,5,1,1,2,2,4,1,3,5,8,1,2,2,1,7,8,6,14,10,9,0,0,0,0,0,0,0,0,0,0,0,0,0,0,0,0,0,1,0,0,25.4,24.7002413746,21,-166.761,-122.971,-99.2877,-82.4932,-77.6667,1.15068,42.5714,0.194444,-35.4667,24.4324,0,0.734177,0,20.675,0,-494.888199,0
5,0,1,1,0,0,0,1,0,1,1,0,1,0,0,1,0,0,0,1,0,0,0,0,0,0,0,0,1,15,75,6,11,17,11,6,17,1,2,0,2,0,3,1,1,0,1,4,5,0,2,2,4,4,1,3,1,6,1,7,8,8,8,1,4,0,3,2,1,0,0,0,2,4,7,1,2,1,5,2,1,1,1,4,0,11,11,9,7,2,6,0,5,2,4,1,1,0,3,8,12,1,4,3,9,6,2,4,2,10,1,18,19,17,15,0,0,0,0,0,0,0,0,0,0,0,0,1,0,0,0,0,0,0,0,9,40.6578784366,13,0,-156.174,-111.575,0,0,-64.9589,0,0,0,-36.4189,0,-43.1266,0,-22.6,0,-434.8534,0
6,0,1,1,0,0,0,1,0,1,1,0,1,0,0,1,0,0,0,1,0,0,0,0,0,0,0,0,1,15,59,4,9,13,9,4,13,0,2,0,4,1,2,1,0,0,0,4,3,0,2,1,2,2,1,3,1,6,1,5,6,5,4,1,3,0,1,1,0,0,0,0,2,3,6,1,2,1,5,2,1,0,1,3,0,9,9,8,7,1,5,0,5,2,2,1,0,0,2,7,9,1,4,2,7,4,2,3,2,9,1,14,15,13,11,0,0,0,0,0,0,0,0,0,0,0,0,1,0,0,0,0,0,0,0,0,31.7831723441,11,0,-156.174,-111.575,0,0,0,0,0,0,-36.4189,0,-43.1266,0,-22.6,0,-369.8945,0
7,0,1,1,0,0,1,1,0,1,1,0,1,0,0,1,0,0,0,1,0,0,0,0,0,0,0,0,1,15,52,5,7,12,7,5,12,0,2,0,3,1,1,1,0,0,0,3,4,0,2,0,4,1,1,2,1,5,1,6,7,4,5,1,3,0,1,1,0,0,0,0,2,3,4,1,2,1,3,2,1,0,1,3,0,7,7,8,5,1,5,0,4,2,1,1,0,0,2,6,8,1,4,1,7,3,2,2,2,8,1,13,14,12,10,0,0,0,0,0,0,0,0,0,0,0,0,1,0,0,0,0,0,0,0,0,27.7272295532,9,0,-156.174,-111.575,0,0,0,0,0,0,0,0,-43.1266,0,-22.6,0,-333.4756,0
8,0,1,1,0,0,1,1,0,1,1,0,1,0,0,1,0,0,0,1,0,0,0,0,0,0,0,0,1,15,47,6,6,12,6,6,12,0,1,0,3,1,1,0,0,0,0,2,5,0,1,0,5,1,0,2,1,3,0,6,6,3,6,1,3,0,1,1,0,0,0,0,2,3,3,1,2,1,2,2,1,0,1,3,0,6,6,8,4,1,4,0,4,2,1,0,0,0,2,5,8,1,3,1,7,3,1,2,2,6,0,12,12,11,10,0,0,0,0,0,0,0,0,0,0,0,0,1,0,0,0,0,0,0,0,0,24.7272295532,9,0,-156.174,-111.575,0,0,0,0,0,0,0,0,-43.1266,0,-22.6,0,-333.4756,0
9,0,1,1,0,0,0,0,0,0,0,0,1,1,1,1,0,0,0,0,0,0,0,0,0,0,0,0,0,26,36,1,2,3,2,1,3,0,0,0,0,0,2,0,1,1,1,3,0,1,0,3,2,0,0,2,2,2,0,0,0,8,2,1,2,0,0,0,1,1,3,0,0,1,1,1,0,0,6,0,0,0,1,0,1,3,4,7,6,1,2,0,0,0,3,1,4,1,1,4,1,2,0,3,8,0,0,2,3,2,1,3,4,15,8,0,1,0,0,0,0,0,0,0,0,0,0,0,0,0,0,0,0,0,0,17.1138357147,19.3952320058,4,0,0,0,0,0,0,-41.3286,0,0,-31.5135,-16.4416,0,0,0,0,-89.2837,0
10,0,1,1,0,0,0,0,0,0,0,0,1,1,1,1,0,0,0,0,0,0,0,0,0,0,0,0,0,26,42,-1,3,2,3,1,2,1,0,0,0,0,3,1,1,0,1,3,0,1,0,3,2,0,0,2,3,2,1,0,1,10,2,1,2,0,0,0,1,1,3,1,0,2,1,1,0,1,6,0,0,0,1,0,1,3,4,8,6,2,2,0,0,0,4,2,4,1,1,5,1,2,0,4,8,0,0,2,4,2,2,3,5,18,8,0,1,0,0,0,0,0,0,0,0,0,0,0,0,0,0,0,0,0,0,20.7138357147,22.9952320058,4,0,0,0,0,0,0,-41.3286,0,0,-31.5135,-16.4416,0,0,0,0,-89.2837,0
11,0,1,1,0,0,0,0,1,1,0,0,1,1,1,1,0,0,0,0,0,0,0,0,0,0,0,0,0,26,46,-1,3,2,3,1,2,1,0,0,0,1,3,1,1,0,1,3,0,1,1,2,1,0,0,2,5,3,1,0,1,12,1,1,2,0,0,0,1,1,3,1,0,2,1,1,0,2,7,0,0,0,1,0,1,3,4,8,7,2,2,0,0,1,4,2,4,1,1,5,1,2,1,4,8,0,0,2,6,3,2,3,5,20,8,0,1,0,0,0,0,0,0,0,0,0,0,0,0,0,0,0,0,0,0,23.1138357147,25.3952320058,4,0,0,0,0,0,0,-41.3286,0,0,-31.5135,-16.4416,0,0,0,0,-89.2837,0
12,0,1,1,0,0,0,0,1,1,0,0,1,1,0,1,0,0,0,0,0,0,0,0,0,0,0,0,0,26,53,-1,3,2,3,1,2,1,0,0,1,1,2,1,1,0,1,3,0,2,1,2,2,0,0,2,6,3,1,0,1,14,2,1,2,0,0,0,2,1,3,1,1,2,1,1,0,3,7,0,0,1,1,1,1,3,4,9,7,2,2,0,1,1,4,2,4,1,2,5,1,3,1,5,9,0,0,3,7,4,2,3,5,23,9,0,1,0,0,0,0,0,0,0,0,0,0,0,0,0,0,0,0,0,0,27.3138357147,29.7948153092,4,0,0,0,0,0,0,-41.3286,0,0,-31.5135,-16.4416,0,0,0,0,-89.2837,0
13,0,1,0,0,0,0,0,0,0,1,0,1,1,0,1,0,0,0,1,0,1,0,0,0,0,1,0,0,469,44,3,0,3,0,3,3,2,1,0,1,0,1,0,0,1,2,5,1,2,1,1,0,2,0,1,1,2,0,2,2,12,2,1,0,0,2,0,4,1,1,1,1,2,0,0,2,1,4,0,0,0,2,2,1,0,1,7,4,3,1,0,3,0,5,1,1,2,3,7,1,2,3,2,4,2,0,1,3,4,1,2,3,19,6,0,0,0,0,0,0,0,0,0,1,0,0,0,0,0,0,0,0,0,0,21,23.2813915464,0,0,0,0,0,0,0,0,0,0,0,0,0,0,0,0,0,1
14,0,1,0,0,0,0,0,0,0,1,0,1,1,0,1,0,0,0,1,0,1,0,0,0,0,1,0,0,469,42,3,0,3,0,3,3,2,1,0,2,0,1,0,0,1,2,4,1,2,1,1,0,1,0,1,1,2,0,2,2,11,1,1,0,0,1,0,4,1,1,1,1,2,0,0,2,1,4,0,0,0,2,2,1,0,1,7,4,3,1,0,3,0,5,1,1,2,3,6,1,2,3,2,4,1,0,1,3,4,1,2,3,18,5,0,0,0,0,0,0,0,0,0,1,0,0,0,0,0,0,0,0,0,0,19.8,22.2154125618,0,0,0,0,0,0,0,0,0,0,0,0,0,0,0,0,0,1
15,0,1,0,0,0,0,0,0,0,1,0,1,1,0,1,0,0,0,1,0,1,0,0,0,0,1,0,0,469,38,2,0,2,0,2,2,1,0,0,3,0,1,0,0,1,2,2,1,2,1,2,0,1,0,1,1,2,0,1,1,8,1,1,0,0,0,0,4,1,1,1,1,2,0,0,2,0,4,0,0,0,2,2,1,0,1,7,4,2,0,0,3,0,5,1,1,2,3,4,1,2,3,2,4,1,0,1,3,4,1,1,2,15,5,0,0,0,0,0,0,0,0,0,1,0,0,0,0,0,0,0,0,0,0,17.4,19.8154125618,0,0,0,0,0,0,0,0,0,0,0,0,0,0,0,0,0,1
16,0,1,0,0,0,0,0,0,0,1,0,1,1,0,1,0,0,0,1,0,1,0,0,0,0,1,0,0,469,36,2,0,2,0,2,2,1,0,0,3,0,1,0,0,1,2,1,1,2,1,2,1,1,0,1,0,2,0,1,1,6,2,1,0,0,0,0,4,1,1,1,1,2,0,0,2,0,3,0,0,0,2,2,1,0,1,7,3,2,0,0,3,0,5,1,1,2,3,3,1,2,3,2,4,1,0,1,2,4,1,1,2,13,5,0,0,0,0,0,0,0,0,0,1,0,0,0,0,0,0,0,0,0,0,16.2,18.6154125618,0,0,0,0,0,0,0,0,0,0,0,0,0,0,0,0,0,1
17,0,1,0,0,0,0,0,0,0,1,0,1,1,0,1,0,0,0,1,0,1,0,0,0,0,1,0,0,469,35,2,0,2,0,2,2,1,0,0,3,0,1,0,0,1,2,1,1,1,1,2,1,1,0,1,0,2,0,1,1,5,2,1,0,0,0,0,4,1,1,1,1,2,0,0,2,0,3,0,0,0,2,2,1,0,1,7,3,2,0,0,3,0,5,1,1,2,3,3,1,1,3,2,4,1,0,1,2,4,1,1,2,12,5,0,0,0,0,0,0,0,0,0,1,0,0,0,0,0,0,0,0,0,0,15.6,18.0154125618,0,0,0,0,0,0,0,0,0,0,0,0,0,0,0,0,0,1
18,1,1,1,0,0,1,1,1,0,1,0,1,0,0,1,0,1,0,1,0,1,0,1,0,1,1,0,1,275,50,0,-2,-2,2,0,2,3,1,1,1,0,2,2,1,0,0,2,2,1,3,2,2,0,0,1,1,4,3,3,6,8,2,0,0,1,0,0,0,3,1,0,1,1,2,0,1,4,5,3,1,2,0,4,4,2,6,3,8,3,1,2,1,0,2,5,2,0,1,3,4,1,4,6,7,3,1,3,1,8,7,5,12,11,10,0,0,0,0,0,0,0,0,0,0,0,0,0,0,0,0,0,0,1,0,26.2524991078,25.2881118775,19,0,-147.768,-109.822,-82.4932,-85.9444,1.15068,42.5571,-4.95833,0,36.0135,0,0.734177,-30.4474,10.0375,0,-370.940373,0
19,0,1,1,0,0,0,1,0,1,1,0,1,0,0,1,0,1,0,0,0,1,0,0,0,0,0,0,0,2,47,1,3,4,3,1,4,2,0,1,1,0,0,0,1,1,3,2,1,1,2,2,3,1,0,1,1,3,1,1,2,10,4,0,0,0,1,3,1,0,1,0,1,4,3,1,3,0,3,1,0,2,0,5,0,3,3,7,4,2,0,1,2,3,1,0,2,1,4,6,4,2,5,2,6,2,0,3,1,8,1,4,5,17,8,0,0,0,0,0,0,0,0,0,0,0,0,0,0,0,0,0,0,1,0,23.1602468995,24.6984272062,2,0,0,0,0,0,-60.1096,0,0,0,-36.8378,0,0,0,0,0,-96.9474,0
20,0,1,1,0,1,0,1,0,1,1,0,1,0,0,0,0,0,0,1,0,1,0,0,0,1,1,0,1,7,45,2,0,2,0,2,2,0,1,2,2,0,1,1,0,0,4,2,4,1,2,2,0,0,0,0,0,2,3,5,8,7,0,0,1,2,2,1,3,1,0,0,3,0,2,0,2,1,3,0,0,2,0,4,3,3,6,3,3,0,2,4,4,1,4,2,0,0,7,2,6,1,4,3,3,0,0,2,0,6,6,8,14,10,3,0,0,0,0,0,0,0,0,0,0,0,0,0,1,0,0,0,0,0,0,21.8494443758,19.6178607276,10,0,-136.435,-112.507,0,0,-66.274,-46.1714,0,0,-31.3784,0,0,0,0,-17.0864,-409.8522,0
21,0,1,1,0,0,0,1,0,1,0,0,1,1,0,0,0,0,0,1,0,1,0,0,0,1,1,0,1,27,92,6,2,8,2,6,8,0,4,1,3,0,1,1,1,1,7,7,3,1,2,2,7,2,0,0,3,2,2,7,9,19,9,2,3,3,3,1,3,3,1,0,7,1,5,1,5,1,3,1,0,2,1,7,6,8,14,13,4,2,7,4,6,1,4,4,2,1,14,8,8,2,7,3,10,3,0,2,4,9,8,15,23,32,13,0,0,0,0,0,0,0,0,0,0,0,0,0,1,0,0,0,0,0,0,49.6231558466,45.5157140626,14,0,-148.261,-112.507,0,-83.2639,-65.3973,-46.1714,0,-45.8133,0,0,0,-32.4737,-27.0875,-17.0864,-578.0615,0
22,0,1,1,0,1,0,1,0,1,0,0,1,1,0,0,0,0,0,1,0,1,0,0,0,1,1,0,1,105,66,2,0,2,0,2,2,2,1,1,1,0,0,2,1,1,4,2,3,2,3,1,2,3,0,0,4,3,3,4,7,15,5,0,2,3,3,1,3,2,0,0,6,1,3,0,3,1,3,0,0,2,0,5,5,5,10,7,3,2,3,4,4,1,3,4,1,1,10,3,6,2,6,2,5,3,0,2,4,8,8,9,17,22,8,0,0,0,0,0,0,0,0,0,0,0,0,0,1,0,0,0,0,0,0,34.0702186519,31.3050983275,10,0,-148.261,-112.507,0,0,0,-46.1714,0,-45.8133,0,0,0,-32.4737,0,-17.0864,-402.3128,0
23,0,1,1,0,0,0,1,0,0,1,0,1,0,0,0,0,0,0,0,0,1,0,0,0,1,0,1,0,4,55,0,2,2,2,0,2,0,1,3,0,0,0,0,2,0,4,6,2,0,1,0,2,3,1,0,2,2,3,3,6,14,5,0,3,2,2,0,0,1,0,0,6,5,2,0,4,1,0,0,2,0,0,6,3,5,8,11,0,0,4,5,2,0,0,1,2,0,10,11,4,0,5,1,2,3,3,0,2,8,6,8,14,25,5,0,0,0,0,0,0,0,0,0,0,0,0,0,1,0,0,0,0,0,0,29.4525677656,24.4881943597,8,-171.718,0,0,0,-75.9583,-58.6027,-32.1857,-56.1111,0,-19.4189,0,-43.2785,0,0,0,-457.2732,0
24,0,1,1,0,0,0,1,0,0,0,0,1,0,0,0,0,0,0,0,0,1,0,0,0,1,0,1,0,4,57,0,2,2,2,0,2,1,1,3,0,0,0,0,1,0,4,6,2,1,1,0,2,3,1,0,2,2,3,3,6,15,5,0,3,2,2,0,0,1,1,0,6,5,2,0,4,1,0,0,2,0,0,6,3,5,8,12,0,1,4,5,2,0,0,1,2,0,10,11,4,1,5,1,2,3,3,0,2,8,6,8,14,27,5,0,0,0,0,0,0,0,0,0,0,0,0,0,1,0,0,0,0,0,0,30.6525677656,25.6881943597,9,-171.718,0,0,0,-75.9583,-58.6027,-32.1857,-56.1111,-42.96,-19.4189,0,-43.2785,0,0,0,-500.2332,0
25,0,1,1,0,1,0,1,0,1,1,0,1,0,0,0,0,0,0,1,0,1,0,0,0,1,1,0,0,149,42,4,-1,3,1,4,3,1,2,1,1,0,0,1,1,0,3,1,4,1,3,1,0,0,0,0,1,3,2,6,8,8,0,0,1,2,2,1,3,1,0,0,3,0,1,0,2,0,3,0,0,2,0,4,3,2,5,3,3,1,3,3,3,1,3,2,1,0,6,1,5,1,5,1,3,0,0,2,1,7,5,8,13,11,3,0,0,0,0,0,0,0,0,0,0,0,0,0,1,0,0,0,0,0,0,20.1019223663,18.0024984395,5,0,0,-112.507,0,0,0,-46.1714,0,0,0,0,0,0,0,-17.0864,-175.7648,0
26,0,1,1,0,0,0,1,0,1,0,0,1,1,0,0,0,0,0,1,0,1,0,0,0,1,1,0,1,26,93,5,3,8,3,5,8,0,4,1,3,0,1,1,1,1,7,8,2,1,2,2,7,2,0,0,3,2,2,6,8,20,9,2,3,3,3,1,3,3,1,0,7,1,6,1,5,1,3,1,0,2,1,7,6,9,15,13,4,2,7,4,6,1,4,4,2,1,14,9,8,2,7,3,10,3,0,2,4,9,8,15,23,33,13,0,0,0,0,0,0,0,0,0,0,0,0,0,1,0,0,0,0,0,0,50.2231558466,46.1157140626,14,0,-148.261,-112.507,0,-83.2639,-65.3973,-46.1714,0,-45.8133,0,0,0,-32.4737,-27.0875,-17.0864,-578.0615,0
27,0,1,1,0,0,0,1,0,1,0,0,1,1,0,0,0,0,0,1,0,1,0,0,0,1,1,0,1,26,92,6,2,8,2,6,8,0,4,1,3,0,1,1,1,1,7,7,3,1,2,2,7,2,0,0,3,2,2,7,9,19,9,2,3,3,3,1,3,3,1,0,7,1,5,1,5,1,3,1,0,2,1,7,6,8,14,13,4,2,7,4,6,1,4,4,2,1,14,8,8,2,7,3,10,3,0,2,4,9,8,15,23,32,13,0,0,0,0,0,0,0,0,0,0,0,0,0,1,0,0,0,0,0,0,49.6231558466,45.5157140626,14,0,-148.261,-112.507,0,-83.2639,-65.3973,-46.1714,0,-45.8133,0,0,0,-32.4737,-27.0875,-17.0864,-578.0615,0
28,1,1,1,0,1,0,1,0,0,0,0,1,1,1,1,0,0,0,0,0,1,0,0,0,1,1,1,0,4,75,7,-1,6,1,7,6,2,2,0,0,0,0,0,1,0,6,7,5,1,1,1,5,3,1,0,2,2,0,7,7,19,8,0,3,5,2,0,0,1,1,0,7,7,2,0,5,1,0,1,2,0,1,7,6,5,11,16,1,2,5,5,2,0,0,1,2,0,13,14,7,1,6,2,5,4,3,0,3,9,6,12,18,35,9,0,0,0,0,0,0,0,0,0,0,0,0,0,1,0,0,0,0,0,0,41.4525677656,34.7195667313,17,-171.718,0,0,-83.0548,-75.9583,-58.6027,-32.1857,-56.1111,-42.96,-19.4189,-11.026,-43.2785,-31.8947,-23.4625,-21.0247,-670.6959,0
29,1,1,1,0,1,0,1,0,0,0,0,1,1,1,1,0,0,0,0,0,1,0,0,0,1,1,1,0,4,78,7,0,7,0,7,7,2,3,0,0,0,0,0,1,0,7,8,4,1,1,1,5,3,1,0,2,2,0,7,7,21,8,0,3,5,2,0,0,1,1,0,7,7,3,0,5,1,0,1,2,0,1,7,6,6,12,16,1,2,6,5,2,0,0,1,2,0,14,15,7,1,6,2,5,4,3,0,3,9,6,13,19,37,9,0,0,0,0,0,0,0,0,0,0,0,0,0,1,0,0,0,0,0,0,43.2525677656,36.5195667313,17,-171.718,0,0,-83.0548,-75.9583,-58.6027,-32.1857,-56.1111,-42.96,-19.4189,-11.026,-43.2785,-31.8947,-23.4625,-21.0247,-670.6959,0
30,0,1,1,0,0,1,0,0,0,1,0,1,0,0,0,0,0,0,0,0,1,0,0,0,0,0,0,0,114,47,1,3,4,3,1,4,0,2,1,3,0,0,2,1,0,4,4,2,0,1,1,0,1,1,0,0,2,3,4,7,9,1,1,2,1,3,0,1,0,1,1,2,0,1,1,5,0,1,2,0,2,0,7,1,3,4,5,3,1,4,2,6,0,1,2,2,1,6,4,3,1,6,1,1,3,1,2,0,9,4,7,11,14,4,0,0,0,1,0,0,0,0,0,0,0,0,0,0,0,0,0,0,0,0,19.1748015748,25.6398979569,2,0,0,0,0,0,0,0,0,0,0,-12.5065,0,0,-14.6125,0,-27.119,0
31,0,1,1,0,0,1,0,0,0,0,0,0,1,0,0,0,0,0,0,0,1,0,0,0,0,0,0,0,114,49,1,3,4,3,1,4,0,2,1,3,0,0,2,1,0,4,5,2,0,1,1,0,1,1,0,0,2,3,4,7,10,1,1,2,1,3,0,1,0,2,1,2,0,1,1,5,0,1,2,0,2,0,7,1,3,4,6,3,1,4,2,6,0,1,2,3,1,6,5,3,1,6,1,1,3,1,2,0,9,4,7,11,16,4,0,0,0,1,0,0,0,0,0,0,0,0,0,0,0,0,0,0,0,0,20.2462215762,26.8398979569,3,0,0,0,0,0,0,0,-56.1111,0,0,-12.5065,0,0,-14.6125,0,-83.2301,0
32,0,1,1,0,1,0,1,0,1,0,0,1,1,0,0,0,0,0,1,0,1,0,0,0,1,1,0,1,26,66,2,0,2,0,2,2,2,1,1,1,0,0,2,1,1,4,2,3,2,3,1,2,3,0,0,4,3,3,4,7,15,5,0,2,3,3,1,3,2,0,0,6,1,3,0,3,1,3,0,0,2,0,5,5,5,10,7,3,2,3,4,4,1,3,4,1,1,10,3,6,2,6,2,5,3,0,2,4,8,8,9,17,22,8,0,0,0,0,0,0,0,0,0,0,0,0,0,1,0,0,0,0,0,0,34.0702186519,31.3050983275,10,0,-148.261,-112.507,0,0,0,-46.1714,0,-45.8133,0,0,0,-32.4737,0,-17.0864,-402.3128,0
33,0,1,1,0,0,1,0,0,0,0,0,1,0,0,0,0,0,0,0,0,1,0,0,0,0,0,1,0,114,74,1,3,4,3,1,4,0,3,3,0,0,0,1,2,0,7,8,2,0,2,0,2,3,2,0,2,4,4,5,9,19,5,1,2,2,6,0,1,1,2,1,3,2,3,1,5,1,1,3,0,2,0,7,3,5,8,9,4,1,5,5,6,0,1,2,4,1,10,10,5,1,7,1,3,6,2,2,2,11,7,10,17,28,9,0,0,0,1,0,0,0,0,0,0,0,0,0,0,0,0,0,0,0,0,33.8053405235,39.9218253805,9,-171.718,0,0,0,-75.9583,0,-32.1857,-56.1111,0,-19.4189,-12.5065,-43.2785,0,-14.6125,0,-425.7895,0
34,0,1,1,0,0,1,0,0,0,0,0,1,0,0,0,0,0,0,0,0,1,0,0,0,0,0,1,0,110,76,2,2,4,2,2,4,1,3,3,0,0,0,0,2,0,7,8,2,1,2,0,2,3,2,0,2,4,3,5,8,21,5,1,2,2,6,0,1,2,2,1,3,2,3,1,5,1,1,3,0,2,0,7,4,5,9,9,4,2,5,5,6,0,1,2,4,1,10,10,5,2,7,1,3,6,2,2,2,11,7,10,17,30,9,0,0,0,1,0,0,0,0,0,0,0,0,0,0,0,0,0,0,0,0,35.0053405235,41.1218253805,10,-171.718,0,0,0,-75.9583,0,-32.1857,-56.1111,-42.96,-19.4189,-12.5065,-43.2785,0,-14.6125,0,-468.7495,0
35,0,1,1,0,1,0,1,0,1,1,0,1,0,0,0,0,0,0,1,0,1,0,0,0,1,1,0,0,26,42,4,-1,3,1,4,3,1,2,1,1,0,0,1,1,0,3,1,4,1,3,1,0,0,0,0,1,3,2,6,8,8,0,0,1,2,2,1,3,1,0,0,3,0,1,0,2,0,3,0,0,2,0,4,3,2,5,3,3,1,3,3,3,1,3,2,1,0,6,1,5,1,5,1,3,0,0,2,1,7,5,8,13,11,3,0,0,0,0,0,0,0,0,0,0,0,0,0,1,0,0,0,0,0,0,20.1019223663,18.0024984395,5,0,0,-112.507,0,0,0,-46.1714,0,0,0,0,0,0,0,-17.0864,-175.7648,0
36,0,1,1,0,0,0,1,0,0,0,0,1,0,0,0,0,0,0,0,0,1,0,0,0,0,0,1,0,56,94,4,4,8,4,4,8,2,2,3,0,0,0,0,2,0,7,9,5,1,2,1,5,4,1,0,3,3,3,7,10,24,9,1,4,2,6,0,1,2,2,1,6,4,3,1,6,1,1,3,1,2,0,9,4,7,11,14,4,3,6,5,6,0,1,2,4,1,13,13,8,2,8,2,6,7,2,2,3,12,7,14,21,38,13,0,0,0,1,0,0,0,0,0,0,0,0,0,0,0,0,0,0,0,0,45.8053405235,49.9076245693,18,-171.718,0,0,-83.0548,-75.9583,0,-32.1857,-56.1111,-42.96,-19.4189,-12.5065,-43.2785,-31.8947,-14.6125,-21.0247,-604.7237,0
37,0,1,1,0,0,0,1,0,0,0,0,1,1,0,1,0,0,0,0,0,1,0,0,0,0,1,1,0,47,97,5,4,9,4,5,9,2,3,3,0,0,0,0,1,0,8,9,5,1,2,1,5,4,1,0,3,3,3,8,11,24,9,1,4,2,6,0,1,2,3,1,6,5,3,1,6,1,1,3,1,2,0,9,4,7,11,16,4,3,7,5,6,0,1,2,4,1,14,14,8,2,8,2,6,7,2,2,3,12,7,15,22,40,13,0,0,0,1,0,0,0,0,0,0,0,0,0,0,0,0,0,0,0,0,47.6053405235,51.7076245693,18,-171.718,0,0,-83.0548,-75.9583,0,-32.1857,-56.1111,-42.96,-19.4189,-12.5065,-43.2785,-31.8947,-14.6125,-21.0247,-604.7237,0
38,0,1,1,0,0,1,0,0,0,1,0,1,0,0,0,0,0,0,0,0,1,0,0,0,0,0,0,0,22,47,1,3,4,3,1,4,0,2,1,3,0,0,2,1,0,4,4,2,0,1,1,0,1,1,0,0,2,3,4,7,9,1,1,2,1,3,0,1,0,1,1,2,0,1,1,5,0,1,2,0,2,0,7,1,3,4,5,3,1,4,2,6,0,1,2,2,1,6,4,3,1,6,1,1,3,1,2,0,9,4,7,11,14,4,0,0,0,1,0,0,0,0,0,0,0,0,0,0,0,0,0,0,0,0,19.1748015748,25.6398979569,2,0,0,0,0,0,0,0,0,0,0,-12.5065,0,0,-14.6125,0,-27.119,0
39,0,1,1,0,0,1,0,0,0,0,0,0,1,0,0,0,0,0,0,0,1,0,0,0,0,0,0,0,16,49,1,3,4,3,1,4,0,2,1,3,0,0,2,1,0,4,5,2,0,1,1,0,1,1,0,0,2,3,4,7,10,1,1,2,1,3,0,1,0,2,1,2,0,1,1,5,0,1,2,0,2,0,7,1,3,4,6,3,1,4,2,6,0,1,2,3,1,6,5,3,1,6,1,1,3,1,2,0,9,4,7,11,16,4,0,0,0,1,0,0,0,0,0,0,0,0,0,0,0,0,0,0,0,0,20.2462215762,26.8398979569,3,0,0,0,0,0,0,0,-56.1111,0,0,-12.5065,0,0,-14.6125,0,-83.2301,0
40,0,1,1,0,0,0,0,0,1,0,0,1,1,0,1,0,1,0,0,0,1,0,0,0,0,1,0,0,11,66,3,1,4,1,3,4,0,1,0,0,0,1,0,2,1,1,5,1,0,0,7,5,4,0,2,3,2,0,2,2,11,9,0,3,1,1,3,1,2,2,0,2,4,1,1,2,1,4,1,2,1,1,5,3,4,7,10,5,0,4,1,1,3,2,2,4,1,3,9,2,1,2,8,9,5,2,3,4,7,3,6,9,21,14,0,0,0,0,0,0,0,0,0,0,0,0,0,0,0,1,0,0,0,0,31.2610501024,35.0003301722,4,0,0,0,0,0,0,0,0,-44.9867,0,0,-36.0759,-20.1447,0,-15.8395,-117.0468,0
41,0,1,1,0,0,0,0,0,1,0,0,1,1,0,1,0,1,0,0,0,1,0,0,0,0,1,0,0,9,67,3,1,4,1,3,4,0,1,0,0,0,1,0,2,1,1,6,1,0,0,6,5,4,0,2,3,2,0,2,2,12,9,0,3,1,1,3,1,2,2,0,2,4,1,1,2,2,4,1,2,1,1,5,3,4,7,10,5,0,4,1,1,3,2,2,4,1,3,10,2,1,2,8,9,5,2,3,4,7,3,6,9,22,14,0,0,0,0,0,0,0,0,0,0,0,0,0,0,0,1,0,0,0,0,31.8610501024,35.6003301722,4,0,0,0,0,0,0,0,0,-44.9867,0,0,-36.0759,-20.1447,0,-15.8395,-117.0468,0
42,0,1,1,0,0,0,0,0,1,0,0,1,1,0,1,0,1,0,0,0,1,0,0,0,0,1,0,0,6,68,3,1,4,1,3,4,0,1,0,0,0,1,0,2,1,1,7,1,0,0,6,5,4,0,2,3,2,0,2,2,13,9,0,3,1,1,3,1,2,2,0,2,4,1,1,2,2,4,1,2,1,1,5,3,4,7,10,5,0,4,1,1,3,2,2,4,1,3,11,2,1,2,8,9,5,2,3,4,7,3,6,9,23,14,0,0,0,0,0,0,0,0,0,0,0,0,0,0,0,1,0,0,0,0,32.4610501024,36.2003301722,4,0,0,0,0,0,0,0,0,-44.9867,0,0,-36.0759,-20.1447,0,-15.8395,-117.0468,0
43,0,1,1,0,0,1,0,1,0,1,0,1,0,0,1,0,0,0,0,0,1,0,0,0,0,0,1,0,7,46,3,5,8,5,3,8,0,1,0,0,0,2,1,2,0,1,3,3,0,2,0,3,1,0,1,3,3,1,4,5,9,4,0,0,0,0,0,1,0,0,5,0,3,0,0,1,5,3,5,0,0,0,1,0,0,0,3,8,0,1,0,0,0,3,1,2,5,1,6,3,0,3,5,6,6,0,1,3,4,1,4,5,12,12,0,0,0,0,0,1,0,0,0,0,0,0,0,0,0,0,0,0,0,0,4.2,24.9390954487,4,-188.493,0,-97.4521,0,0,0,0,0,0,0,-11.5455,0,-29.7632,0,0,-327.2538,0
44,0,1,1,0,0,0,0,0,0,1,0,1,0,0,1,1,0,0,1,0,1,0,0,0,0,0,0,0,10,32,0,1,1,1,0,1,0,0,1,0,0,1,0,0,0,2,2,1,0,1,2,2,1,0,1,2,2,1,1,2,6,3,0,0,0,2,0,0,0,0,0,2,5,1,0,0,1,4,0,0,0,1,0,0,1,1,8,4,0,0,1,2,0,1,0,0,0,4,7,2,0,1,3,6,1,0,1,3,2,1,2,3,14,7,0,0,0,0,0,0,0,0,0,0,1,0,0,0,0,0,0,0,0,0,2.4,15.4084583515,3,0,0,0,0,0,0,0,0,-51.2,0,0,0,0,0,-19.0494,-70.2494,0
45,0,1,1,0,1,1,1,0,0,0,0,0,1,1,0,0,0,0,0,0,1,0,0,0,0,0,0,0,153,44,2,3,5,3,2,5,1,2,1,1,0,1,0,1,0,2,3,1,1,0,0,5,1,0,1,1,1,1,3,4,9,6,1,2,3,1,0,0,0,1,0,1,1,4,0,1,1,0,2,1,2,1,4,3,6,9,5,2,2,4,4,2,0,1,0,2,0,3,4,5,1,1,1,5,3,1,3,2,5,4,9,13,14,8,0,0,0,0,0,0,0,0,0,1,0,0,0,0,0,0,0,0,0,0,20.2045922472,22.1151834239,4,0,0,-96.9178,0,0,0,0,0,0,0,0,-24.3165,0,-25.5875,0,-146.8218,0
46,0,1,1,0,1,1,1,0,0,0,0,0,1,1,0,0,0,0,0,0,1,0,0,0,0,0,0,0,153,49,2,4,6,4,2,6,1,2,1,1,0,3,0,1,1,0,4,0,1,0,0,6,1,0,1,1,1,1,2,3,8,7,1,2,3,1,0,0,0,1,0,3,1,5,0,1,1,0,2,1,2,1,4,3,7,10,7,2,2,4,4,2,0,3,0,2,1,3,5,5,1,1,1,6,3,1,3,2,5,4,9,13,15,9,0,0,0,0,0,0,0,0,0,1,0,0,0,0,0,0,0,0,0,0,23.2045922472,24.9807849978,4,0,0,-96.9178,0,0,0,0,0,0,0,0,-24.3165,0,-25.5875,0,-146.8218,0
47,0,0,0,1,0,0,0,0,1,0,1,0,0,1,0,0,0,0,0,1,1,0,0,0,0,0,0,0,6043,31,0,0,0,0,0,0,0,0,0,0,1,0,1,6,0,1,0,1,0,0,0,0,0,1,0,4,1,1,1,2,11,0,0,0,0,1,2,0,1,6,0,0,0,1,0,0,0,0,0,2,0,3,2,1,1,2,9,0,0,0,0,1,3,0,2,12,0,1,0,2,0,0,0,0,0,3,0,7,3,2,2,4,20,0,0,0,0,0,0,0,0,0,0,0,0,1,0,0,0,0,0,0,0,0,15.3003333,18,0,0,0,0,0,0,0,0,0,0,0,0,0,0,0,0,0,1
48,0,0,0,1,0,0,0,0,1,0,1,0,0,1,0,0,0,0,0,1,1,0,0,0,1,1,0,0,6036,32,0,-2,-2,2,0,2,0,0,0,1,2,0,0,7,0,0,0,0,0,0,0,1,0,2,0,3,2,0,0,0,10,1,0,0,0,0,2,0,2,6,0,0,0,0,0,0,0,0,0,2,0,4,2,2,0,2,10,0,0,0,0,1,4,0,2,13,0,0,0,0,0,0,0,1,0,4,0,7,4,2,0,2,20,1,0,0,0,0,0,0,1,0,0,0,0,0,0,0,0,0,0,0,0,0,16.8715696816,8.4,0,0,0,0,0,0,0,0,0,0,0,0,0,0,0,0,0,1
49,0,0,0,1,0,0,1,0,1,0,1,0,0,1,0,0,0,0,0,1,1,0,0,0,0,0,0,0,6028,36,0,1,1,1,0,1,0,0,0,0,1,0,1,7,0,1,1,1,0,0,0,0,0,2,0,4,2,1,1,2,13,0,0,0,0,1,2,0,1,7,0,0,0,2,0,0,0,0,0,2,0,3,2,1,2,3,10,0,0,0,0,1,3,0,2,14,0,1,1,3,0,0,0,0,0,4,0,7,4,2,3,5,23,0,0,0,0,0,0,0,0,0,0,0,0,1,0,0,0,0,0,0,0,0,18.0950040809,20.4281843909,0,0,0,0,0,0,0,0,0,0,0,0,0,0,0,0,0,1
50,0,0,0,1,0,0,0,0,1,0,1,0,1,1,0,0,0,0,0,1,1,0,0,0,1,1,0,0,6021,37,-1,-2,-3,2,1,3,0,0,0,1,2,0,1,7,0,1,0,0,0,0,0,0,0,2,0,4,2,1,0,1,12,0,0,0,0,0,2,0,2,8,0,0,0,0,0,0,0,1,0,2,0,4,2,2,0,2,12,1,0,0,0,1,4,0,3,15,0,1,0,0,0,0,0,1,0,4,0,8,4,3,0,3,24,1,0,0,0,0,0,0,1,0,0,0,0,0,0,0,0,0,0,0,0,0,19.6695097466,11.4,0,0,0,0,0,0,0,0,0,0,0,0,0,0,0,0,0,1
51,0,0,0,1,0,0,1,0,1,0,1,0,0,1,0,0,0,0,0,1,1,0,0,0,0,0,0,0,6019,39,0,0,0,0,0,0,0,0,0,0,1,0,1,7,0,1,1,1,0,0,0,0,0,3,0,4,3,1,1,2,13,0,0,0,0,1,2,0,2,7,0,0,0,2,0,0,0,0,0,2,0,4,2,2,2,4,11,0,0,0,0,1,3,0,3,14,0,1,1,3,0,0,0,0,0,5,0,8,5,3,3,6,24,0,0,0,0,0,0,0,0,0,0,0,0,1,0,0,0,0,0,0,0,0,19.8950040809,22.2281843909,0,0,0,0,0,0,0,0,0,0,0,0,0,0,0,0,0,1
52,0,0,0,1,0,0,0,0,1,0,1,0,0,1,0,0,0,0,0,1,1,0,0,0,1,1,0,0,6012,40,-1,-2,-3,2,1,3,0,0,0,1,2,0,1,8,0,1,0,0,0,0,0,0,0,2,0,5,2,1,0,1,14,0,0,0,0,0,2,0,2,8,0,0,0,0,0,0,0,1,0,3,0,4,3,2,0,2,12,1,0,0,0,1,4,0,3,16,0,1,0,0,0,0,0,1,0,5,0,9,5,3,0,3,26,1,0,0,0,0,0,0,1,0,0,0,0,0,0,0,0,0,0,0,0,0,21.3631670348,13.2,0,0,0,0,0,0,0,0,0,0,0,0,0,0,0,0,0,1
53,0,0,0,1,0,0,0,0,1,0,1,0,0,1,0,0,0,0,0,1,1,0,0,0,0,0,0,0,6007,43,0,0,0,0,0,0,0,0,0,0,2,0,1,8,0,0,1,1,0,0,0,0,0,3,0,5,3,1,1,2,14,0,0,0,0,1,2,0,2,8,0,1,0,2,0,0,0,0,0,2,0,4,2,2,2,4,13,0,0,0,0,1,4,0,3,16,0,1,1,3,0,0,0,0,0,5,0,9,5,3,3,6,27,0,0,0,0,0,0,0,0,0,0,0,0,1,0,0,0,0,0,0,0,0,22.1292528461,24.6281843909,0,0,0,0,0,0,0,0,0,0,0,0,0,0,0,0,0,1
54,0,0,0,1,0,0,0,0,1,0,1,0,0,1,0,0,0,0,0,1,1,0,0,0,1,1,0,0,6000,44,-1,-2,-3,2,1,3,0,0,0,0,3,0,1,9,0,1,0,0,0,0,0,0,0,2,0,6,2,1,0,1,16,0,0,0,0,1,2,0,2,9,0,0,0,0,0,0,0,1,0,3,0,4,3,2,0,2,13,1,0,0,0,1,5,0,3,18,0,1,0,0,0,0,0,1,0,5,0,10,5,3,0,3,29,1,0,0,0,0,0,0,1,0,0,0,0,0,0,0,0,0,0,0,0,0,23.5587140542,15.6,0,0,0,0,0,0,0,0,0,0,0,0,0,0,0,0,0,1
55,0,0,0,1,0,0,0,0,1,0,1,0,1,1,0,0,0,0,0,1,1,0,0,0,0,0,0,0,5998,46,0,0,0,0,0,0,0,0,0,0,2,0,1,8,0,0,1,1,0,0,0,0,0,4,0,6,4,1,1,2,15,0,0,0,0,1,2,0,2,9,0,1,0,2,0,0,0,0,0,2,0,4,2,2,2,4,14,0,0,0,0,1,4,0,3,17,0,1,1,3,0,0,0,0,0,6,0,10,6,3,3,6,29,0,0,0,0,0,0,0,0,0,0,0,0,1,0,0,0,0,0,0,0,0,23.8287340137,26.4281843909,0,0,0,0,0,0,0,0,0,0,0,0,0,0,0,0,0,1
56,0,0,0,1,0,0,0,0,1,0,1,0,1,1,0,0,0,0,0,1,1,0,0,0,1,1,0,0,5991,47,-1,-2,-3,2,1,3,0,0,0,0,2,0,1,9,0,1,0,0,0,0,0,0,0,3,0,7,3,1,0,1,17,0,0,0,0,1,3,0,2,10,0,0,0,0,0,0,0,1,0,3,0,4,3,2,0,2,14,1,0,0,0,1,5,0,3,19,0,1,0,0,0,0,0,1,0,6,0,11,6,3,0,3,31,1,0,0,0,0,0,0,1,0,0,0,0,0,0,0,0,0,0,0,0,0,25.2527578917,17.4,0,0,0,0,0,0,0,0,0,0,0,0,0,0,0,0,0,1
57,0,0,0,1,0,0,0,0,1,0,1,0,1,1,0,0,0,0,0,1,1,0,0,0,0,0,0,0,5986,50,0,0,0,0,0,0,0,0,0,0,3,0,1,9,0,0,1,1,0,0,0,0,0,4,0,6,4,1,1,2,16,0,0,0,0,1,2,0,2,10,0,1,0,2,0,0,0,0,0,2,0,5,2,2,2,4,16,0,0,0,0,1,5,0,3,19,0,1,1,3,0,0,0,0,0,6,0,11,6,3,3,6,32,0,0,0,0,0,0,0,0,0,0,0,0,1,0,0,0,0,0,0,0,0,26.0242484176,28.8281843909,0,0,0,0,0,0,0,0,0,0,0,0,0,0,0,0,0,1
58,0,0,0,1,0,0,0,0,1,0,1,0,1,1,0,0,0,0,0,1,1,0,0,0,1,1,0,0,5979,51,-1,-2,-3,2,1,3,0,0,0,0,3,0,1,10,0,1,0,0,0,0,0,0,0,3,0,7,3,1,0,1,18,0,0,0,0,1,3,0,2,11,0,0,0,0,0,0,0,1,0,3,0,5,3,2,0,2,16,1,0,0,0,1,6,0,3,21,0,1,0,0,0,0,0,1,0,6,0,12,6,3,0,3,34,1,0,0,0,0,0,0,1,0,0,0,0,0,0,0,0,0,0,0,0,0,27.4484464083,19.8,0,0,0,0,0,0,0,0,0,0,0,0,0,0,0,0,0,1
59,0,0,0,1,0,0,1,0,1,0,1,0,1,1,0,0,0,0,0,1,1,0,0,0,0,1,0,0,5971,55,1,0,1,0,1,1,0,0,0,0,3,0,1,10,0,0,1,2,0,0,0,0,0,4,0,6,4,1,2,3,17,0,0,0,0,1,2,0,2,11,0,1,0,2,0,0,0,0,0,3,0,6,3,2,2,4,18,0,0,0,0,1,5,0,3,21,0,1,1,4,0,0,0,0,0,7,0,12,7,3,4,7,35,0,0,0,0,0,0,0,0,0,0,0,0,1,0,0,0,0,0,0,0,0,28.8083184007,31.2213692668,0,0,0,0,0,0,0,0,0,0,0,0,0,0,0,0,0,1
60,0,0,0,1,0,0,0,0,1,0,1,0,0,1,0,0,0,0,0,1,1,0,0,0,1,0,0,0,5964,56,-2,-2,-4,2,2,4,0,0,0,0,3,0,2,12,0,1,0,0,0,0,0,1,0,2,0,7,2,2,0,2,20,1,0,0,0,1,3,0,2,11,0,0,0,0,0,0,0,1,0,4,0,6,4,2,0,2,17,1,0,0,0,1,6,0,4,23,0,1,0,0,0,0,0,2,0,6,0,13,6,4,0,4,37,2,0,0,0,0,0,0,1,0,0,0,0,0,0,0,0,0,0,0,0,0,30.24694513,22.8,0,0,0,0,0,0,0,0,0,0,0,0,0,0,0,0,0,1
61,0,0,0,1,0,0,1,0,1,0,1,0,1,1,0,0,0,0,0,1,1,0,0,0,0,1,0,0,5950,62,1,0,1,0,1,1,0,0,0,0,2,0,2,11,0,0,1,3,0,0,0,1,0,5,0,6,5,2,3,5,18,1,0,0,0,1,3,0,2,12,0,1,0,2,0,0,0,0,0,3,0,7,3,2,2,4,20,0,0,0,0,1,5,0,4,23,0,1,1,5,0,0,0,1,0,8,0,13,8,4,5,9,38,1,0,0,0,0,0,0,0,0,0,0,0,1,0,0,0,0,0,0,0,0,32.8185329684,33.7869482062,0,0,0,0,0,0,0,0,0,0,0,0,0,0,0,0,0,1
62,0,0,0,1,0,0,0,0,1,0,1,0,1,1,0,0,0,0,0,1,1,0,0,0,1,0,0,0,5943,63,-2,-2,-4,2,2,4,0,0,0,0,2,0,3,12,0,1,1,1,0,0,0,2,0,3,0,6,3,3,1,4,20,2,0,0,0,1,4,0,2,13,0,0,0,0,0,0,0,1,0,4,0,7,4,2,0,2,20,1,0,0,0,1,6,0,5,25,0,1,1,1,0,0,0,3,0,7,0,13,7,5,1,6,40,3,0,0,0,0,0,0,1,0,0,0,0,0,0,0,0,0,0,0,0,0,34.2674165238,24.50142828,1,0,0,0,0,0,0,0,0,0,-36.9595,0,0,0,0,0,-36.9595,0
63,0,0,0,1,0,0,1,0,1,0,1,0,1,1,0,0,0,0,0,1,1,0,0,0,0,0,0,0,5938,66,0,0,0,0,0,0,0,0,0,1,2,0,3,10,0,0,1,3,1,0,0,1,0,5,0,6,5,3,3,6,18,1,0,0,0,1,3,0,2,13,0,1,0,2,0,0,0,0,0,4,0,7,4,2,2,4,21,0,0,0,0,2,5,0,5,23,0,1,1,5,1,0,0,1,0,9,0,13,9,5,5,10,39,1,0,0,0,0,0,0,0,0,0,0,0,1,0,0,0,0,0,0,0,0,35.2185329684,36.1869482062,0,0,0,0,0,0,0,0,0,0,0,0,0,0,0,0,0,1
64,0,0,0,1,0,0,0,0,1,0,1,0,1,1,0,0,0,0,0,1,1,0,0,0,1,1,0,0,5931,67,-2,-3,-5,3,2,5,0,0,0,1,2,0,3,11,0,1,1,1,1,0,0,2,0,3,1,6,4,3,1,4,20,2,0,0,0,1,4,0,3,14,0,0,0,0,0,0,0,1,0,4,0,7,4,3,0,3,21,1,0,0,0,2,6,0,6,25,0,1,1,1,1,0,0,3,0,7,1,13,8,6,1,7,41,3,0,0,0,0,0,0,1,0,0,0,0,0,0,0,0,0,0,0,0,0,36.6674165238,26.90142828,1,0,0,0,0,0,0,0,0,0,-36.9595,0,0,0,0,0,-36.9595,0
65,0,0,0,1,1,0,0,0,0,1,1,0,1,0,0,0,0,0,1,1,1,0,0,0,1,0,0,0,3721,36,0,4,4,4,0,4,1,0,0,1,0,0,0,0,0,3,4,0,0,0,1,4,2,0,0,2,0,0,0,0,10,6,1,3,2,2,0,0,0,0,1,2,0,2,0,2,0,2,0,0,0,1,2,2,5,7,4,2,2,3,2,3,0,0,0,0,1,5,4,2,0,2,1,6,2,0,0,3,2,2,5,7,14,8,0,0,1,0,0,0,0,0,0,0,0,0,0,0,0,0,0,0,0,0,21,18.2443201208,2,0,0,0,0,0,0,0,0,-40.72,0,0,0,0,0,-10.8642,-51.5842,0
66,0,0,0,1,0,1,0,0,0,1,0,1,0,0,1,0,0,0,0,1,1,0,0,0,0,0,0,0,2201,31,1,1,2,1,1,2,0,1,1,0,0,0,0,1,1,1,4,0,0,1,1,2,1,0,0,1,1,1,1,2,7,3,3,1,0,0,0,0,1,0,1,1,1,0,0,2,1,0,2,0,1,2,3,1,1,2,7,2,3,2,1,0,0,0,1,1,2,2,5,0,0,3,2,2,3,0,1,3,4,2,2,4,14,5,0,0,0,0,0,0,0,0,0,0,0,0,0,1,0,0,0,0,0,0,4.2,9.397495098,5,0,0,0,0,0,0,0,-56.375,0,-35.5405,0,-38.3165,0,0,-19.0864,-149.3184,0
67,0,0,0,1,0,1,0,0,0,1,0,1,0,0,1,0,0,0,0,1,1,0,0,0,0,0,0,0,2186,36,1,1,2,1,1,2,0,1,1,0,0,0,0,1,1,2,3,0,0,2,1,4,1,0,0,1,2,1,1,2,7,5,3,1,0,0,0,0,1,0,1,1,3,0,0,2,1,0,2,0,1,2,3,1,1,2,9,2,3,2,1,0,0,0,1,1,2,3,6,0,0,4,2,4,3,0,1,3,5,2,2,4,16,7,0,0,0,0,0,0,0,0,0,0,0,0,0,1,0,0,0,0,0,0,7.2,12.3437315054,5,0,0,0,0,0,0,0,-56.375,0,-35.5405,0,-38.3165,0,0,-19.0864,-149.3184,0
68,0,1,1,0,0,0,1,0,0,1,0,1,0,0,1,1,0,0,1,1,1,0,0,0,0,1,0,0,7,40,3,1,4,1,3,4,0,1,0,0,0,2,0,2,0,1,4,2,0,1,0,3,0,0,1,3,2,0,3,3,10,3,0,0,0,2,0,1,0,0,0,3,5,1,0,0,1,4,0,0,1,2,1,0,1,1,10,4,0,1,0,2,0,3,0,2,0,4,9,3,0,1,1,7,0,0,2,5,3,0,4,4,20,7,0,0,0,0,0,0,0,0,0,0,1,0,0,0,0,0,0,0,0,0,4.2,19.8763934669,3,0,0,0,0,0,0,0,0,0,0,-11.5455,0,-30.8289,0,-19.0494,-61.4238,0
69,0,1,1,0,0,0,1,0,0,1,0,1,0,0,1,0,0,0,1,1,1,0,0,0,0,0,0,1,2,36,3,5,8,5,3,8,2,1,0,1,0,0,0,1,1,3,1,1,1,2,1,1,1,0,1,0,3,0,2,2,8,2,0,2,0,3,0,0,1,0,0,1,6,4,0,1,0,0,0,0,0,0,1,1,6,7,7,0,2,3,0,4,0,0,1,1,1,4,7,5,1,3,1,1,1,0,1,0,4,1,8,9,15,2,0,0,0,1,0,0,0,0,0,0,0,0,0,0,0,0,0,0,0,0,9,17.1496776426,3,0,-163.884,-90.0822,0,0,0,0,0,0,0,0,0,0,0,0,-253.9662,0
70,0,1,1,0,0,0,0,0,1,1,0,1,0,0,1,0,0,0,1,1,1,0,0,0,0,1,0,0,41,31,4,-1,3,1,4,3,0,2,0,0,0,0,0,4,0,2,2,2,0,0,0,2,0,0,1,0,1,0,4,4,8,2,0,0,0,2,5,0,1,0,0,1,2,0,0,3,0,1,1,0,0,0,3,1,0,1,3,2,0,2,0,2,5,0,1,4,0,3,4,2,0,3,0,3,1,0,1,0,4,1,4,5,11,4,0,0,0,0,0,0,1,0,0,0,0,0,0,0,0,0,0,0,0,0,7.7045361017,13.7266499161,1,0,0,0,0,0,0,0,0,0,0,-14.2208,0,0,0,0,-14.2208,0
71,0,1,1,0,0,0,1,0,0,1,0,1,0,0,1,0,0,0,0,1,1,0,0,0,0,0,0,0,146,32,4,4,8,4,4,8,1,1,0,0,0,2,0,1,0,1,1,3,0,0,1,2,2,0,1,0,1,0,4,4,4,4,1,1,0,0,0,1,1,0,1,1,2,3,0,0,1,2,0,0,0,2,0,1,4,5,6,2,2,2,0,0,0,3,1,1,1,2,3,6,0,0,2,4,2,0,1,2,1,1,8,9,10,6,0,0,0,0,0,0,0,0,0,0,0,1,0,0,0,0,0,0,0,0,9,16.9890791365,1,0,0,0,0,0,0,0,0,0,0,0,-38.3797,0,0,0,-38.3797,0
72,1,1,1,0,0,1,1,1,0,0,0,1,1,1,1,0,1,0,0,1,1,0,1,0,1,1,0,1,278,50,0,-2,-2,2,0,2,3,1,1,1,0,2,2,1,0,0,2,2,1,3,2,2,0,0,1,1,4,3,3,6,8,2,0,0,2,0,0,0,2,2,0,1,0,2,0,1,4,5,2,1,3,0,5,4,2,6,3,7,3,1,3,1,0,2,4,3,0,1,2,4,1,4,6,7,2,1,4,1,9,7,5,12,11,9,0,0,0,0,0,0,0,0,0,0,0,0,0,0,0,0,0,0,1,0,28.669254688,25.1523323025,17,0,-150.681,-73.274,-82.4932,0,1.15068,42.2429,-5.76389,0,33.8919,-5.54545,0.734177,-28.5658,-6.425,0,-274.728683,0
73,0,1,0,0,0,0,0,1,1,1,0,1,1,0,0,0,0,0,1,1,1,0,0,0,0,1,0,0,566,46,3,2,5,2,3,5,2,1,0,3,0,0,1,0,1,3,1,2,1,0,1,3,2,0,0,2,0,1,3,4,9,5,0,1,1,1,1,1,1,0,2,3,2,1,1,3,2,1,0,0,2,0,5,2,2,4,6,1,2,2,1,4,1,1,2,0,3,6,3,3,2,3,3,4,2,0,2,2,5,3,5,8,15,6,0,0,0,0,0,0,0,0,0,0,0,0,0,0,1,0,0,0,0,0,13.8,24.1277713328,2,0,0,0,0,0,0,0,-55.1944,0,0,-12.5974,0,0,0,0,-67.7918,0
74,0,1,0,0,0,0,0,1,1,1,0,1,1,0,0,0,0,0,1,1,1,0,0,0,0,1,0,0,569,45,3,2,5,2,3,5,2,1,0,3,0,0,1,0,1,3,1,2,1,0,1,3,2,0,0,1,0,1,3,4,8,5,0,1,1,1,1,1,1,0,2,3,2,1,1,3,2,1,0,0,2,0,5,2,2,4,6,1,2,2,1,4,1,1,2,0,3,6,3,3,2,3,3,4,2,0,2,1,5,3,5,8,14,6,0,0,0,0,0,0,0,0,0,0,0,0,0,0,1,0,0,0,0,0,13.2,23.5277713328,2,0,0,0,0,0,0,0,-55.1944,0,0,-12.5974,0,0,0,0,-67.7918,0
75,0,1,0,0,0,0,0,0,0,1,0,1,1,0,1,1,0,0,0,1,1,0,0,0,0,1,0,0,472,35,2,0,2,0,2,2,1,0,0,3,0,1,0,0,1,1,1,1,1,1,1,2,2,0,1,0,2,0,1,1,4,4,1,0,0,0,0,4,1,1,1,0,2,0,0,2,0,3,0,0,0,3,2,1,0,1,7,3,2,0,0,3,0,5,1,1,2,1,3,1,1,3,1,5,2,0,1,3,4,1,1,2,11,7,0,0,0,0,0,0,0,0,0,0,0,0,0,0,0,0,0,0,0,1,15.6,17.4748417658,0,0,0,0,0,0,0,0,0,0,0,0,0,0,0,0,0,1
76,0,1,0,0,0,0,0,0,0,1,0,1,1,0,1,1,0,0,0,1,1,0,0,0,0,1,0,0,472,36,2,0,2,0,2,2,1,0,0,3,0,1,0,0,1,1,1,1,2,1,1,2,2,0,1,0,2,0,1,1,5,4,1,0,0,0,0,4,1,1,1,0,2,0,0,2,0,3,0,0,0,3,2,1,0,1,7,3,2,0,0,3,0,5,1,1,2,1,3,1,2,3,1,5,2,0,1,3,4,1,1,2,12,7,0,0,0,0,0,0,0,0,0,0,0,0,0,0,0,0,0,0,0,1,16.2,18.0748417658,0,0,0,0,0,0,0,0,0,0,0,0,0,0,0,0,0,1
77,0,1,0,0,0,0,0,0,0,1,0,1,1,0,1,1,0,0,0,1,1,0,0,0,0,1,0,0,472,38,2,0,2,0,2,2,1,0,0,3,0,1,0,0,1,1,2,1,2,1,1,1,2,0,1,1,2,0,1,1,7,3,1,0,0,0,0,4,1,1,1,0,2,0,0,2,0,4,0,0,0,3,2,1,0,1,7,4,2,0,0,3,0,5,1,1,2,1,4,1,2,3,1,5,2,0,1,4,4,1,1,2,14,7,0,0,0,0,0,0,0,0,0,0,0,0,0,0,0,0,0,0,0,1,17.4,19.2748417658,0,0,0,0,0,0,0,0,0,0,0,0,0,0,0,0,0,1
78,0,1,0,0,0,0,0,0,0,1,0,1,0,0,1,1,0,0,0,1,1,0,0,0,0,1,0,0,472,42,2,0,2,0,2,2,2,0,0,2,0,1,0,1,1,1,4,1,2,1,0,1,2,0,1,1,2,0,1,1,11,3,1,0,0,1,0,4,1,1,1,0,2,0,0,2,1,4,0,0,0,3,2,1,0,1,7,4,3,0,0,3,0,5,1,2,2,1,6,1,2,3,1,5,2,0,1,4,4,1,1,2,18,7,0,0,0,0,0,0,0,0,0,0,0,0,0,0,0,0,0,0,0,1,19.8,21.6748417658,0,0,0,0,0,0,0,0,0,0,0,0,0,0,0,0,0,1
79,0,1,0,0,0,0,0,0,0,1,0,1,0,0,1,1,0,0,0,1,1,0,0,0,0,1,0,0,472,44,2,0,2,0,2,2,2,0,0,1,0,1,0,1,1,1,5,1,2,1,0,1,3,0,1,1,2,0,1,1,12,4,1,0,0,2,0,4,1,1,1,0,2,0,0,2,1,4,0,0,0,3,2,1,0,1,7,4,3,0,0,3,0,5,1,2,2,1,7,1,2,3,1,5,3,0,1,4,4,1,1,2,19,8,0,0,0,0,0,0,0,0,0,0,0,0,0,0,0,0,0,0,0,1,21,22.7228394234,0,0,0,0,0,0,0,0,0,0,0,0,0,0,0,0,0,1
80,0,1,0,0,0,0,0,0,1,1,0,1,0,0,1,1,0,0,0,1,1,0,0,0,0,0,0,0,472,55,-1,2,1,2,1,1,2,0,1,0,1,1,1,1,0,2,6,1,3,1,0,2,3,0,0,2,1,2,1,3,16,5,2,0,0,3,0,4,1,1,2,0,3,1,0,2,1,4,0,0,1,3,3,1,1,2,9,4,4,0,1,3,1,5,2,2,2,2,9,2,3,3,1,6,3,0,1,5,4,3,2,5,25,9,0,0,0,0,0,0,0,0,0,0,0,0,0,0,0,0,0,0,0,1,26.29143152,28.9888551254,3,0,0,0,0,0,0,0,0,-47.8533,0,-14.6104,0,0,0,-19.963,-82.4267,0
81,0,0,0,0,0,0,1,0,1,1,0,1,1,0,0,0,0,0,0,1,1,0,0,0,0,0,0,1,640,45,2,4,6,4,2,6,0,0,0,3,1,2,1,0,0,2,1,3,0,3,0,4,0,0,0,2,3,1,3,4,5,4,0,0,0,2,2,1,1,2,1,1,2,4,2,1,0,1,0,0,3,0,4,1,4,5,7,1,0,0,0,5,3,3,2,2,1,3,3,7,2,4,0,5,0,0,3,2,7,2,7,9,12,5,0,0,0,0,1,0,0,0,0,0,0,0,0,0,0,0,0,0,0,0,19.2,23.548877963,4,0,-150.768,0,0,0,0,0,0,-50.9733,0,0,-43.0633,0,0,0,-244.8046,0
82,0,0,0,0,0,0,1,0,1,1,0,1,1,0,0,0,0,0,0,1,1,0,0,0,0,0,0,1,640,48,3,4,7,4,3,7,0,0,0,3,1,2,1,0,0,3,2,4,0,2,0,4,0,0,0,2,2,1,4,5,7,4,0,0,0,2,2,1,1,2,1,1,2,4,2,2,0,1,0,0,3,0,5,1,4,5,7,1,0,0,0,5,3,3,2,2,1,4,4,8,2,4,0,5,0,0,3,2,7,2,8,10,14,5,0,0,0,0,1,0,0,0,0,0,0,0,0,0,0,0,0,0,0,0,21,25.1682421947,6,0,-150.768,-108.863,0,0,0,0,0,-50.9733,0,0,-43.0633,0,0,0,-353.6676,0
83,0,0,0,0,0,0,1,0,1,1,0,1,1,0,0,0,0,0,0,1,1,0,0,0,0,0,0,1,640,50,3,4,7,4,3,7,0,0,0,3,1,2,1,0,0,4,3,4,0,2,0,3,0,0,0,2,2,1,4,5,9,3,0,0,0,2,2,1,1,2,1,1,2,4,2,2,0,2,0,0,3,0,5,1,4,5,7,2,0,0,0,5,3,3,2,2,1,5,5,8,2,4,0,5,0,0,3,2,7,2,8,10,16,5,0,0,0,0,1,0,0,0,0,0,0,0,0,0,0,0,0,0,0,0,22.2,26.3682421947,6,0,-150.768,-108.863,0,0,0,0,0,-50.9733,0,0,-43.0633,0,0,0,-353.6676,0
84,0,0,0,0,0,1,0,0,0,1,0,1,0,0,1,0,0,0,0,1,1,0,0,0,0,1,0,0,811,32,2,0,2,0,2,2,1,2,0,2,0,0,0,1,0,0,4,0,0,1,1,3,0,0,0,1,1,0,2,2,7,3,0,0,0,1,0,2,0,0,0,5,4,0,0,1,0,0,2,0,0,1,1,0,0,0,10,2,1,2,0,3,0,2,0,1,0,5,8,0,0,2,1,3,2,0,0,2,2,0,2,2,17,5,0,0,0,0,0,1,0,0,0,0,0,0,0,0,0,0,0,0,0,0,4.2,15.4119642144,0,0,0,0,0,0,0,0,0,0,0,0,0,0,0,0,0,1
85,0,0,0,1,0,0,1,1,1,1,0,1,0,0,1,1,0,0,0,1,1,0,0,0,0,0,0,0,2436,35,2,3,5,3,2,5,0,2,0,0,1,0,1,2,0,1,1,1,0,1,2,0,0,1,0,4,2,1,3,4,8,0,0,1,1,0,0,1,0,0,0,0,3,3,0,2,2,2,0,1,0,2,3,1,4,5,5,2,0,3,1,0,1,1,1,2,0,1,4,4,0,3,4,2,0,2,0,6,5,2,7,9,13,2,0,0,0,0,0,0,0,0,0,0,0,0,0,0,0,0,0,0,0,1,16.9508168626,19.2154209208,2,0,0,0,0,0,0,0,0,0,-35.3649,0,0,0,-21.8,0,-57.1649,0
86,0,0,0,1,0,0,1,1,1,1,0,1,0,0,1,1,0,0,0,1,1,0,0,0,0,0,0,0,2436,41,1,4,5,4,1,5,1,2,0,0,2,0,1,5,0,1,2,0,0,1,1,0,0,1,0,3,2,1,2,3,12,0,0,1,1,0,0,1,0,0,0,0,3,4,0,2,3,2,0,1,0,3,3,1,5,6,6,2,1,3,1,0,2,1,1,5,0,1,5,4,0,3,4,2,0,2,0,6,5,2,7,9,18,2,0,0,0,0,0,0,0,0,0,0,0,0,0,0,0,0,0,0,0,1,18.8572582944,22.8154209208,2,0,0,0,0,0,0,0,0,0,-35.3649,0,0,0,-21.8,0,-57.1649,0
87,0,0,0,1,0,1,1,1,1,1,0,1,1,0,1,0,0,0,0,1,1,0,0,0,0,0,0,0,3715,34,2,4,6,4,2,6,1,1,0,0,1,0,0,0,0,3,5,1,0,2,2,0,1,0,0,0,2,0,2,2,9,1,0,0,1,0,0,0,0,0,3,0,3,2,0,1,2,1,2,0,1,1,2,1,2,3,4,3,1,1,1,0,1,0,0,0,3,3,8,3,0,3,4,1,3,0,1,1,4,1,4,5,13,4,0,0,0,0,0,0,0,0,1,0,0,0,0,0,0,0,0,0,0,0,10.8,18.3719998858,1,0,0,0,0,0,0,0,0,0,0,0,0,0,-25.8375,0,-25.8375,0
88,0,0,0,1,0,0,0,0,0,0,0,1,1,0,1,0,0,0,0,1,1,0,0,0,0,1,0,0,8511,58,-3,-6,-9,6,3,9,1,1,2,3,0,0,3,0,0,4,3,1,2,0,2,1,1,0,2,3,2,5,2,7,13,2,2,1,2,1,0,2,5,1,0,1,4,0,0,2,2,3,1,1,0,1,3,7,1,8,9,4,3,2,4,4,0,2,8,1,0,5,7,1,2,2,4,4,2,1,2,4,5,12,3,15,22,6,0,0,0,0,0,0,0,0,0,0,0,0,0,0,1,0,0,0,0,0,29.7677233915,31.431265648,10,0,0,0,-74.8356,-76.1389,0,0,-54.5139,0,-35,0,-37.0633,0,-19.4125,-21.3827,-318.3469,0
89,0,0,0,1,0,1,0,0,1,1,0,1,0,0,1,0,1,0,0,1,1,0,0,0,0,0,0,0,8741,45,2,2,4,2,2,4,1,2,0,1,0,0,0,2,0,3,3,0,1,0,0,5,2,1,1,0,2,0,2,2,10,7,0,2,1,1,1,0,0,1,1,0,3,0,0,4,1,3,2,0,2,1,6,1,2,3,5,5,1,4,1,2,1,0,0,3,1,3,6,0,1,4,1,8,4,1,3,1,8,1,4,5,15,12,0,0,0,0,0,0,0,0,0,0,0,0,0,0,0,1,0,0,0,0,15.8384776311,24.3607459032,5,0,0,0,0,0,-65.2466,0,-50.9861,-51.12,-31.8649,0,0,-26.8947,0,0,-226.1123,0
90,0,0,0,1,0,1,1,0,1,1,0,1,0,0,1,0,1,0,1,1,1,0,0,0,0,0,0,0,10743,35,3,3,6,3,3,6,0,2,1,0,0,1,0,0,1,3,1,1,1,0,1,1,1,0,1,2,1,1,3,4,7,2,1,1,0,0,1,0,1,0,0,0,4,3,0,2,0,0,2,0,2,1,4,1,4,5,6,2,1,3,1,0,1,1,1,0,1,3,5,4,1,2,1,1,3,0,3,3,5,2,7,9,13,4,0,0,0,0,0,0,0,0,0,0,0,0,0,0,0,0,0,0,1,0,7.8,17.8924561664,1,0,0,0,0,0,0,0,0,0,0,0,0,0,-26.5875,0,-26.5875,0
91,0,0,0,1,0,1,0,0,1,1,0,1,0,0,1,0,0,0,0,1,0,0,0,0,0,1,0,0,4252,34,3,-2,1,2,3,1,1,2,1,2,0,1,0,1,0,2,0,2,1,1,0,0,2,0,0,1,1,1,4,5,6,2,0,0,0,2,1,0,2,0,0,2,2,0,0,2,0,3,2,0,1,0,3,2,0,2,4,5,1,2,1,4,1,1,2,1,0,4,2,2,1,3,0,3,4,0,1,1,4,3,4,7,10,7,0,0,0,0,0,0,0,0,0,0,0,0,0,1,0,0,0,0,0,0,9.6,15.6633951514,2,0,0,0,0,0,-58.3014,0,0,0,0,0,0,0,0,-20.4444,-78.7458,0
92,0,0,0,1,0,1,1,0,1,1,0,1,1,0,1,0,0,0,0,1,0,0,0,0,0,1,0,0,4234,40,4,-2,2,2,4,2,1,1,0,2,0,2,0,0,0,3,2,3,1,1,0,0,2,1,0,1,2,0,4,4,8,2,0,1,1,2,1,0,2,1,0,2,2,0,0,2,0,3,2,0,1,0,3,3,1,4,5,5,1,2,1,4,1,2,2,1,0,5,4,3,1,3,0,3,4,1,1,1,5,3,5,8,13,7,0,0,0,0,0,0,0,0,0,0,0,0,0,1,0,0,0,0,0,0,13.2,19.2574209661,2,0,0,0,0,0,-58.3014,0,0,0,0,0,0,0,0,-20.4444,-78.7458,0
93,0,0,0,1,0,0,1,0,1,0,0,1,1,1,1,0,0,0,0,1,0,0,0,0,1,0,0,0,4121,38,5,5,10,5,5,10,0,3,0,2,1,0,0,1,0,1,1,2,0,0,1,3,2,0,2,0,2,0,5,5,3,5,2,1,1,0,0,0,0,2,1,1,3,4,1,0,1,1,1,0,0,0,0,1,5,6,9,2,2,4,1,2,1,0,0,3,1,2,4,6,1,0,2,4,3,0,2,0,2,1,10,11,12,7,0,0,0,0,0,0,0,0,1,0,0,0,0,0,0,0,0,0,0,0,20.7387826768,19.0370741703,0,0,0,0,0,0,0,0,0,0,0,0,0,0,0,0,0,1
94,0,0,0,1,0,0,1,0,1,0,0,1,1,1,1,0,0,0,0,1,0,0,0,0,1,0,0,0,4103,44,4,7,11,7,4,11,0,1,0,2,0,0,0,1,1,1,3,2,1,0,1,5,2,0,2,0,2,0,3,3,6,7,2,3,1,0,1,0,0,2,1,1,3,4,1,0,1,1,1,0,0,0,0,1,7,8,9,2,2,4,1,2,1,0,0,3,2,2,6,6,2,0,2,6,3,0,2,0,2,1,10,11,15,9,0,0,0,0,0,0,0,0,1,0,0,0,0,0,0,0,0,0,0,0,24.3387826768,22.3953626755,2,0,0,0,0,0,0,0,-53.7917,0,0,0,0,0,0,0,-53.7917,0
95,0,0,0,0,0,0,0,0,0,1,0,1,0,0,0,0,0,0,1,1,0,0,0,0,1,1,0,1,1247,40,3,0,3,0,3,3,0,0,0,2,0,1,0,2,1,2,4,2,0,1,0,3,0,0,2,0,3,0,2,2,8,3,0,0,0,2,0,0,0,2,0,5,2,0,0,4,1,0,1,0,3,0,7,0,0,0,9,1,0,0,0,4,0,1,0,4,1,7,6,2,0,5,1,3,1,0,5,0,10,0,2,2,17,4,0,0,0,0,0,0,0,1,0,0,0,0,0,0,0,0,0,0,0,0,22.59544984,20.3883764259,3,0,-159.812,0,0,0,0,0,0,0,-37.7568,0,0,0,-19.35,0,-216.9188,0
96,0,1,1,0,0,0,1,1,0,0,0,1,1,0,1,0,0,0,0,1,0,0,0,0,0,1,0,1,126,51,5,-1,4,1,5,4,1,1,0,1,0,1,0,0,1,3,3,3,0,0,2,2,1,2,2,2,4,0,4,4,9,3,2,0,2,0,0,2,2,1,1,0,4,2,0,3,4,2,0,0,1,0,4,4,2,6,7,2,3,1,2,1,0,3,2,1,2,3,7,5,0,3,6,4,1,2,3,2,8,4,6,10,16,5,0,0,0,0,0,0,0,0,0,0,0,0,0,1,0,0,0,0,0,0,22.9775681155,26.5784864653,7,0,-121.797,-63.6301,-29.2603,0,-27.8904,0,0,0,0,0,-16.3165,-28.2632,0,0,-287.1575,0
97,0,1,1,0,0,0,0,1,1,1,0,1,0,0,1,0,1,0,0,1,0,0,0,0,0,1,0,0,260,34,3,0,3,0,3,3,1,1,1,2,0,1,0,3,1,1,2,2,0,0,0,1,1,0,0,0,0,1,3,4,7,2,2,0,0,0,1,1,0,0,0,2,3,0,0,0,2,1,1,0,2,2,2,0,0,0,9,2,3,1,1,2,1,2,0,3,1,3,5,2,0,0,2,2,2,0,2,2,2,1,3,4,16,4,0,0,0,0,0,0,0,0,0,0,0,0,0,0,0,0,0,0,1,0,9.0305091392,14.8375905769,2,0,0,0,0,0,-57.1918,0,0,0,0,0,0,0,0,-21.3827,-78.5745,0
98,1,1,0,0,0,0,0,1,0,1,0,1,1,0,0,0,1,0,0,1,0,0,1,0,1,1,0,1,349,60,0,-4,-4,4,0,4,6,1,0,3,0,1,2,0,0,1,2,1,1,3,4,1,4,0,0,0,3,2,2,4,10,5,2,0,2,0,0,0,4,0,0,1,1,2,0,5,8,2,2,1,0,0,6,6,2,8,4,4,8,1,2,3,0,1,6,0,0,2,3,3,1,8,12,3,6,1,0,0,9,8,4,12,14,9,0,0,0,0,0,0,0,0,0,0,0,0,0,0,0,1,0,0,0,0,34.8,33.5029582747,10,0,-156.913,-40.6027,35.1918,0,-11.3836,33.5571,30.4722,0,23.7973,0,14.4684,0,16.2125,0,-55.2,0
99,0,1,0,0,0,0,0,0,0,1,0,1,0,0,1,1,0,0,0,1,0,0,0,0,0,0,0,0,524,31,2,2,4,2,2,4,2,2,0,0,0,0,0,0,0,4,1,0,1,0,0,3,2,0,0,0,0,0,2,2,8,5,1,0,0,0,0,2,1,0,1,3,1,2,0,0,0,1,1,0,2,1,2,1,2,3,6,2,3,2,0,0,0,2,1,0,1,7,2,2,1,0,0,4,3,0,2,1,2,1,4,5,14,7,0,0,0,0,0,0,0,0,0,0,0,0,0,0,0,0,0,0,0,1,0,12.9876591815,5,0,0,-109.877,0,0,0,0,0,-18.8133,0,0,-40,-30.2368,0,0,-198.9271,0
100,0,1,0,0,0,0,0,0,0,1,0,1,0,0,0,1,0,0,0,1,0,0,0,0,0,0,0,0,524,33,2,2,4,2,2,4,2,2,0,0,0,0,0,0,0,3,2,0,1,0,1,3,2,0,0,0,0,0,2,2,8,5,1,0,0,0,0,2,1,0,1,4,1,2,0,0,0,1,1,0,2,1,2,1,2,3,7,2,3,2,0,0,0,2,1,0,1,7,3,2,1,0,1,4,3,0,2,1,2,1,4,5,15,7,0,0,0,0,0,0,0,0,0,0,0,0,0,0,0,0,0,0,0,1,0,14.1876591815,6,0,0,-109.877,0,0,0,0,0,-18.8133,0,0,-40,-30.2368,0,-18.7778,-217.7049,0
101,0,0,0,0,0,0,0,0,1,1,0,1,0,0,1,0,1,0,1,1,0,0,0,0,0,0,0,0,659,74,0,4,4,4,0,4,4,1,0,3,4,1,2,4,0,3,4,1,0,2,0,4,0,0,3,1,5,2,2,4,16,4,3,3,1,0,2,0,1,1,0,3,5,3,1,2,1,7,2,0,1,1,3,2,6,8,14,9,7,4,1,3,6,1,3,5,0,6,9,4,1,4,1,11,2,0,4,2,8,4,8,12,30,13,0,0,0,0,0,0,0,0,0,0,0,0,0,0,0,1,0,0,0,0,33.2553864678,41.3030517891,3,0,0,0,0,0,0,-31.4429,0,0,-20.6216,0,0,0,-25.475,0,-77.5395,0
102,0,0,0,0,0,0,1,0,1,1,0,1,0,0,1,0,1,0,1,1,0,0,0,0,0,1,0,0,728,51,7,-1,6,1,7,6,4,3,0,1,2,0,0,4,0,0,2,4,0,0,0,2,2,0,0,1,0,0,7,7,11,4,2,1,1,0,2,0,1,0,0,3,5,0,1,2,1,5,0,0,1,1,3,2,1,3,12,5,6,4,1,1,4,0,1,4,0,3,7,4,1,2,1,7,2,0,1,2,3,2,8,10,23,9,0,0,0,0,0,0,0,0,0,0,0,0,0,0,0,1,0,0,0,0,19.8919701491,28.1322839714,2,0,0,0,0,0,0,0,0,0,-20.6216,0,0,0,-25.475,0,-46.0966,0
103,1,0,0,0,1,0,0,1,0,1,0,1,1,0,0,0,0,0,0,1,0,0,1,0,1,1,1,1,700,46,3,-3,0,3,3,0,3,3,0,1,0,0,2,1,0,1,1,2,1,3,1,1,1,0,0,2,3,2,5,7,9,2,3,0,2,1,0,1,3,0,1,0,2,1,0,1,4,1,1,1,1,0,3,5,1,6,5,2,6,3,2,2,0,1,5,1,1,1,3,3,1,4,5,2,2,1,1,2,6,7,6,13,14,4,0,0,0,0,0,0,1,0,0,0,0,0,0,0,0,0,0,0,0,0,27.1440090293,22.9679453947,11,-143.338,-100.71,-62.2466,-3.69863,0,1.43836,30.3,24.1944,0,25.9459,0,21.9873,0,8.3625,0,-197.76477,0
104,1,0,0,0,0,1,1,1,0,1,0,1,0,0,1,0,1,0,0,1,0,0,1,0,1,1,1,1,945,47,2,-4,-2,4,2,2,1,1,0,1,0,1,3,1,0,1,1,4,1,3,1,1,1,0,0,2,3,3,5,8,7,2,4,0,1,0,0,2,4,0,0,0,2,1,0,0,3,2,2,1,2,0,3,5,1,6,6,4,5,1,1,1,0,3,7,1,0,1,3,5,1,3,4,3,3,1,2,2,6,8,6,14,13,6,0,0,0,0,0,0,0,0,0,0,0,0,0,0,0,0,0,0,1,0,25.2,23.0980081295,19,-184.014,-68.8551,-38.1233,-80.9315,0,-58.1507,42.5571,-5.13889,0,33.7162,0,32.7215,-15.3289,23.25,0,-318.29759,0
105,1,0,0,0,0,1,1,1,0,1,0,1,0,0,0,0,1,0,0,1,0,0,1,0,1,1,1,1,1196,46,2,-3,-1,3,2,1,3,1,0,1,0,0,3,1,0,1,1,4,1,3,1,1,1,0,0,1,3,3,5,8,8,2,3,0,1,2,0,3,3,0,0,0,1,1,0,0,2,1,2,1,3,0,4,4,1,5,4,3,6,1,1,3,0,3,6,1,0,1,2,5,1,3,3,2,3,1,3,1,7,7,6,13,12,5,0,0,0,0,0,0,0,0,0,0,0,0,0,0,0,0,0,0,1,0,24.6,22.4826478458,14,-169.592,-61.087,-38.1233,69.726,0,29.7671,42.5571,13.8889,0,33.3784,0,33.5316,-31.4211,8.9875,0,-68.3868,0
106,1,0,0,0,0,1,1,1,0,1,0,1,0,0,0,0,1,0,0,1,0,0,1,0,1,1,1,1,1428,45,3,-3,0,3,3,0,3,1,0,1,0,0,2,1,0,1,1,4,1,3,1,1,1,0,0,1,3,2,5,7,8,2,3,0,1,1,0,2,4,0,0,0,0,2,0,0,2,1,2,1,3,1,4,5,2,7,4,3,6,1,1,2,0,2,6,1,0,1,1,6,1,3,3,2,3,1,3,2,7,7,7,14,12,5,0,0,0,0,0,0,0,0,0,0,0,0,0,0,0,0,0,0,1,0,24,22.3184995686,16,-184.169,-61.087,-38.1233,-78.726,0,29.7671,40.2143,12.4861,0,34.7162,0,33.5316,-33.0263,22.375,0,-222.0413,0
107,1,0,0,0,0,1,1,1,0,1,0,1,0,0,0,0,1,0,0,1,0,0,1,0,1,1,1,1,1657,45,3,-3,0,3,3,0,3,1,0,1,0,0,2,1,0,1,1,4,1,3,1,1,1,0,0,1,3,2,5,7,8,2,3,0,1,1,0,2,4,0,0,0,0,2,0,0,2,1,2,1,3,1,4,5,2,7,4,3,6,1,1,2,0,2,6,1,0,1,1,6,1,3,3,2,3,1,3,2,7,7,7,14,12,5,0,0,0,0,0,0,0,0,0,0,0,0,0,0,0,0,0,0,1,0,24,22.3184995686,16,-184.169,-61.087,-38.1233,-78.726,0,29.7671,40.2143,12.4861,0,34.7162,0,33.5316,-33.0263,22.375,0,-222.0413,0
108,1,0,0,0,1,1,1,1,0,1,0,1,1,0,0,0,1,0,0,1,0,0,1,0,1,1,1,1,1886,45,3,-3,0,3,3,0,3,1,0,1,0,0,2,1,0,1,1,4,1,3,1,1,1,0,0,1,3,2,5,7,8,2,3,0,2,1,0,2,3,0,0,0,0,2,0,0,2,1,2,1,3,1,4,5,2,7,4,3,6,1,2,2,0,2,5,1,0,1,1,6,1,3,3,2,3,1,3,2,7,7,7,14,12,5,0,0,0,0,0,0,0,0,0,0,0,0,0,0,0,0,0,0,1,0,26.5166264088,22.3184995686,16,-184.169,-61.087,-38.1233,-78.726,0,29.7671,40.1286,14.5833,0,35.0541,0,33.5316,-33.0263,22.375,0,-219.6919,0
109,1,0,0,1,1,1,1,1,0,1,0,1,1,0,0,0,1,0,0,1,0,0,1,0,1,1,1,1,2115,45,3,-3,0,3,3,0,3,1,0,1,0,0,2,1,0,1,1,4,1,3,1,1,1,0,0,1,3,2,5,7,8,2,3,1,2,1,0,2,3,0,0,0,0,1,0,0,2,1,3,1,2,1,3,5,2,7,4,4,6,2,2,2,0,2,5,1,0,1,1,5,1,3,3,2,4,1,2,2,6,7,7,14,12,6,0,0,0,0,0,0,0,0,0,0,0,0,0,0,0,0,0,0,1,0,26.5166264088,22.2087390726,17,-184.169,-61.087,-38.1233,-68.3288,0,29.7671,43.1,4.73611,0,35.6351,0,33.5316,-29.8421,20.8125,-19.716,-233.68379,0
110,1,0,0,1,1,1,1,1,0,1,0,1,1,0,0,0,1,0,0,1,0,0,1,0,1,1,1,1,2344,46,2,-3,-1,3,2,1,2,1,0,1,0,1,3,1,0,1,1,4,1,3,1,1,1,0,0,1,3,3,5,8,7,2,3,0,2,2,0,3,2,0,0,0,1,1,0,0,2,1,2,1,3,0,4,4,1,5,4,3,5,1,2,3,0,4,5,1,0,1,2,5,1,3,3,2,3,1,3,1,7,7,6,13,11,5,0,0,0,0,0,0,0,0,0,0,0,0,0,0,0,0,0,0,1,0,27.1440090293,22.4826478458,16,-176.704,-61.087,-38.1233,69.2466,0,-66.4384,42.4714,15.9861,0,33.7162,0,33.5316,-29,8.9875,0,-167.4133,0
111,1,0,0,1,1,1,1,1,0,1,0,1,1,0,0,0,1,0,0,1,0,0,1,0,1,1,1,1,2592,46,2,-3,-1,3,2,1,2,1,0,1,0,1,3,1,0,1,1,4,1,3,1,1,1,0,0,1,3,3,5,8,7,2,3,0,2,2,0,3,2,0,0,0,1,1,0,0,2,1,2,1,3,0,4,4,1,5,4,3,5,1,2,3,0,4,5,1,0,1,2,5,1,3,3,2,3,1,3,1,7,7,6,13,11,5,0,0,0,0,0,0,0,0,0,0,0,0,0,0,0,0,0,0,1,0,27.1440090293,22.4826478458,16,-176.704,-61.087,-38.1233,69.2466,0,-66.4384,42.4714,15.9861,0,33.7162,0,33.5316,-29,8.9875,0,-167.4133,0
112,0,0,0,1,0,0,0,0,1,1,0,1,0,0,1,0,0,0,1,1,0,0,0,0,1,0,0,0,2979,42,-2,-1,-3,1,2,3,1,0,1,1,1,1,1,1,0,4,4,0,0,0,1,2,3,0,0,0,0,2,0,2,10,5,0,1,0,1,0,0,2,2,0,3,4,0,1,2,1,1,1,1,0,1,3,2,1,3,11,2,1,1,1,2,1,1,3,3,0,7,8,0,1,2,2,3,4,1,0,1,3,4,1,5,21,7,0,0,0,0,0,0,0,1,0,0,0,0,0,0,0,0,0,0,0,0,24.5197378148,18.8157516306,5,0,0,0,0,0,0,-44.3714,0,-53.08,-37.4459,-16.1299,0,0,0,-19.6667,-170.6939,0
113,0,0,0,1,0,1,0,0,0,1,0,1,0,0,1,0,1,1,1,1,0,0,0,0,0,0,0,0,3011,46,1,6,7,6,1,7,1,3,2,1,0,0,1,0,1,0,3,0,0,4,4,2,0,0,1,0,5,3,3,6,4,2,0,3,1,0,0,0,0,1,1,0,4,3,0,1,0,1,3,0,3,2,4,1,6,7,7,4,1,6,3,1,0,0,1,1,2,0,7,3,0,5,4,3,3,0,4,2,9,4,9,13,11,6,0,0,0,0,0,0,0,0,0,0,0,0,0,0,0,1,0,0,0,0,18,26.8353184535,2,0,0,0,0,0,0,-44.3571,-49.9722,0,0,0,0,0,0,0,-94.3293,0
114,0,0,0,1,0,1,0,1,1,1,0,1,1,0,1,0,0,0,1,1,0,0,0,0,1,0,0,0,4380,35,1,1,2,1,1,2,1,0,0,0,2,0,0,1,0,0,3,1,1,1,0,4,2,0,0,1,1,0,1,1,7,6,0,2,1,1,0,0,1,1,0,1,0,1,0,1,2,4,2,0,0,1,1,2,3,5,3,6,1,2,1,1,2,0,1,2,0,1,3,2,1,2,2,8,4,0,0,2,2,2,4,6,10,12,0,0,1,0,0,0,0,0,0,0,0,0,0,0,0,0,0,0,0,0,20.4711670657,15.0578395831,1,0,0,0,0,0,0,-40.1143,0,0,0,0,0,0,0,0,-40.1143,0
115,0,0,0,1,0,0,1,1,0,1,0,1,0,0,1,0,0,0,0,1,0,0,0,0,1,1,0,0,4321,38,2,1,3,1,2,3,0,1,1,2,0,0,1,1,0,0,4,3,1,1,1,2,0,1,0,0,2,2,4,6,6,2,1,2,0,0,0,0,1,1,0,1,4,0,1,1,3,0,0,1,1,2,3,1,2,3,10,0,1,3,1,2,0,0,2,2,0,1,8,3,2,2,4,2,0,2,1,2,5,3,6,9,16,2,0,1,0,0,0,0,0,0,0,0,0,0,0,0,0,0,0,0,0,0,17.1572878617,8.4197560613,1,0,0,0,0,0,0,-40,0,0,0,0,0,0,0,0,-40,0
116,0,0,0,1,0,1,0,0,1,0,0,1,1,0,1,0,0,0,0,1,0,0,0,0,0,1,0,0,4295,52,0,-1,-1,1,0,1,1,2,1,1,0,2,4,1,0,1,1,3,0,2,1,0,1,0,1,4,3,5,5,10,8,1,5,0,1,0,1,1,1,2,1,1,1,0,2,1,1,1,3,2,0,2,3,2,0,2,13,4,6,2,2,1,1,3,5,3,1,2,2,3,2,3,2,1,4,2,1,6,6,7,5,12,21,5,0,0,0,0,0,0,0,0,1,0,0,0,0,0,0,0,0,0,0,0,26.704464551,27.7103223233,5,0,0,0,0,0,0,0,0,-44.7867,0,-6.23377,-30.4177,-27.9474,-25.4875,0,-134.87307,0
117,0,0,0,0,0,0,0,0,0,1,0,1,0,0,0,0,0,0,1,0,0,0,0,0,1,1,0,1,1247,40,3,0,3,0,3,3,0,0,0,2,0,1,0,2,1,2,4,2,0,1,0,3,0,0,2,0,3,0,2,2,8,3,0,0,0,2,0,0,0,2,0,5,2,0,0,4,1,0,1,0,3,0,7,0,0,0,9,1,0,0,0,4,0,1,0,4,1,7,6,2,0,5,1,3,1,0,5,0,10,0,2,2,17,4,0,0,0,0,0,0,0,1,0,0,0,0,0,0,0,0,0,0,0,0,22.59544984,20.3883764259,3,0,-159.812,0,0,0,0,0,0,0,-37.7568,0,0,0,-19.35,0,-216.9188,0
118,0,1,1,0,0,0,1,1,0,0,0,1,1,0,1,0,0,0,0,0,0,0,0,0,0,1,0,1,126,51,5,-1,4,1,5,4,1,1,0,1,0,1,0,0,1,3,3,3,0,0,2,2,1,2,2,2,4,0,4,4,9,3,2,0,2,0,0,2,2,1,1,0,4,2,0,3,4,2,0,0,1,0,4,4,2,6,7,2,3,1,2,1,0,3,2,1,2,3,7,5,0,3,6,4,1,2,3,2,8,4,6,10,16,5,0,0,0,0,0,0,0,0,0,0,0,0,0,1,0,0,0,0,0,0,22.9775681155,26.5784864653,7,0,-121.797,-63.6301,-29.2603,0,-27.8904,0,0,0,0,0,-16.3165,-28.2632,0,0,-287.1575,0
119,0,1,1,0,0,0,0,1,1,1,0,1,0,0,1,0,1,0,0,0,0,0,0,0,0,1,0,0,260,34,3,0,3,0,3,3,1,1,1,2,0,1,0,3,1,1,2,2,0,0,0,1,1,0,0,0,0,1,3,4,7,2,2,0,0,0,1,1,0,0,0,2,3,0,0,0,2,1,1,0,2,2,2,0,0,0,9,2,3,1,1,2,1,2,0,3,1,3,5,2,0,0,2,2,2,0,2,2,2,1,3,4,16,4,0,0,0,0,0,0,0,0,0,0,0,0,0,0,0,0,0,0,1,0,9.0305091392,14.8375905769,2,0,0,0,0,0,-57.1918,0,0,0,0,0,0,0,0,-21.3827,-78.5745,0
120,1,1,0,0,0,0,0,1,0,1,0,1,1,0,0,0,1,0,0,0,0,0,1,0,1,1,0,1,349,60,0,-4,-4,4,0,4,6,1,0,3,0,1,2,0,0,1,2,1,1,3,4,1,4,0,0,0,3,2,2,4,10,5,2,0,2,0,0,0,4,0,0,1,1,2,0,5,8,2,2,1,0,0,6,6,2,8,4,4,8,1,2,3,0,1,6,0,0,2,3,3,1,8,12,3,6,1,0,0,9,8,4,12,14,9,0,0,0,0,0,0,0,0,0,0,0,0,0,0,0,1,0,0,0,0,34.8,33.5029582747,10,0,-156.913,-40.6027,35.1918,0,-11.3836,33.5571,30.4722,0,23.7973,0,14.4684,0,16.2125,0,-55.2,0
121,0,1,0,0,0,0,0,0,0,1,0,1,0,0,1,1,0,0,0,0,0,0,0,0,0,0,0,0,524,31,2,2,4,2,2,4,2,2,0,0,0,0,0,0,0,4,1,0,1,0,0,3,2,0,0,0,0,0,2,2,8,5,1,0,0,0,0,2,1,0,1,3,1,2,0,0,0,1,1,0,2,1,2,1,2,3,6,2,3,2,0,0,0,2,1,0,1,7,2,2,1,0,0,4,3,0,2,1,2,1,4,5,14,7,0,0,0,0,0,0,0,0,0,0,0,0,0,0,0,0,0,0,0,1,0,12.9876591815,5,0,0,-109.877,0,0,0,0,0,-18.8133,0,0,-40,-30.2368,0,0,-198.9271,0
122,0,1,0,0,0,0,0,0,0,1,0,1,0,0,0,1,0,0,0,0,0,0,0,0,0,0,0,0,524,33,2,2,4,2,2,4,2,2,0,0,0,0,0,0,0,3,2,0,1,0,1,3,2,0,0,0,0,0,2,2,8,5,1,0,0,0,0,2,1,0,1,4,1,2,0,0,0,1,1,0,2,1,2,1,2,3,7,2,3,2,0,0,0,2,1,0,1,7,3,2,1,0,1,4,3,0,2,1,2,1,4,5,15,7,0,0,0,0,0,0,0,0,0,0,0,0,0,0,0,0,0,0,0,1,0,14.1876591815,6,0,0,-109.877,0,0,0,0,0,-18.8133,0,0,-40,-30.2368,0,-18.7778,-217.7049,0
123,0,0,0,0,0,0,0,0,1,1,0,1,0,0,1,0,1,0,1,0,0,0,0,0,0,0,0,0,659,74,0,4,4,4,0,4,4,1,0,3,4,1,2,4,0,3,4,1,0,2,0,4,0,0,3,1,5,2,2,4,16,4,3,3,1,0,2,0,1,1,0,3,5,3,1,2,1,7,2,0,1,1,3,2,6,8,14,9,7,4,1,3,6,1,3,5,0,6,9,4,1,4,1,11,2,0,4,2,8,4,8,12,30,13,0,0,0,0,0,0,0,0,0,0,0,0,0,0,0,1,0,0,0,0,33.2553864678,41.3030517891,3,0,0,0,0,0,0,-31.4429,0,0,-20.6216,0,0,0,-25.475,0,-77.5395,0
124,0,0,0,0,0,0,1,0,1,1,0,1,0,0,1,0,1,0,1,0,0,0,0,0,0,1,0,0,728,51,7,-1,6,1,7,6,4,3,0,1,2,0,0,4,0,0,2,4,0,0,0,2,2,0,0,1,0,0,7,7,11,4,2,1,1,0,2,0,1,0,0,3,5,0,1,2,1,5,0,0,1,1,3,2,1,3,12,5,6,4,1,1,4,0,1,4,0,3,7,4,1,2,1,7,2,0,1,2,3,2,8,10,23,9,0,0,0,0,0,0,0,0,0,0,0,0,0,0,0,1,0,0,0,0,19.8919701491,28.1322839714,2,0,0,0,0,0,0,0,0,0,-20.6216,0,0,0,-25.475,0,-46.0966,0
125,1,0,0,0,1,0,0,1,0,1,0,1,1,0,0,0,0,0,0,0,0,0,1,0,1,1,1,1,700,46,3,-3,0,3,3,0,3,3,0,1,0,0,2,1,0,1,1,2,1,3,1,1,1,0,0,2,3,2,5,7,9,2,3,0,2,1,0,1,3,0,1,0,2,1,0,1,4,1,1,1,1,0,3,5,1,6,5,2,6,3,2,2,0,1,5,1,1,1,3,3,1,4,5,2,2,1,1,2,6,7,6,13,14,4,0,0,0,0,0,0,1,0,0,0,0,0,0,0,0,0,0,0,0,0,27.1440090293,22.9679453947,11,-143.338,-100.71,-62.2466,-3.69863,0,1.43836,30.3,24.1944,0,25.9459,0,21.9873,0,8.3625,0,-197.76477,0
126,1,0,0,0,0,1,1,1,0,1,0,1,0,0,1,0,1,0,0,0,0,0,1,0,1,1,1,1,945,47,2,-4,-2,4,2,2,1,1,0,1,0,1,3,1,0,1,1,4,1,3,1,1,1,0,0,2,3,3,5,8,7,2,4,0,1,0,0,2,4,0,0,0,2,1,0,0,3,2,2,1,2,0,3,5,1,6,6,4,5,1,1,1,0,3,7,1,0,1,3,5,1,3,4,3,3,1,2,2,6,8,6,14,13,6,0,0,0,0,0,0,0,0,0,0,0,0,0,0,0,0,0,0,1,0,25.2,23.0980081295,19,-184.014,-68.8551,-38.1233,-80.9315,0,-58.1507,42.5571,-5.13889,0,33.7162,0,32.7215,-15.3289,23.25,0,-318.29759,0
127,1,0,0,0,0,1,1,1,0,1,0,1,0,0,0,0,1,0,0,0,0,0,1,0,1,1,1,1,1196,46,2,-3,-1,3,2,1,3,1,0,1,0,0,3,1,0,1,1,4,1,3,1,1,1,0,0,1,3,3,5,8,8,2,3,0,1,2,0,3,3,0,0,0,1,1,0,0,2,1,2,1,3,0,4,4,1,5,4,3,6,1,1,3,0,3,6,1,0,1,2,5,1,3,3,2,3,1,3,1,7,7,6,13,12,5,0,0,0,0,0,0,0,0,0,0,0,0,0,0,0,0,0,0,1,0,24.6,22.4826478458,14,-169.592,-61.087,-38.1233,69.726,0,29.7671,42.5571,13.8889,0,33.3784,0,33.5316,-31.4211,8.9875,0,-68.3868,0
128,1,0,0,0,0,1,1,1,0,1,0,1,0,0,0,0,1,0,0,0,0,0,1,0,1,1,1,1,1428,45,3,-3,0,3,3,0,3,1,0,1,0,0,2,1,0,1,1,4,1,3,1,1,1,0,0,1,3,2,5,7,8,2,3,0,1,1,0,2,4,0,0,0,0,2,0,0,2,1,2,1,3,1,4,5,2,7,4,3,6,1,1,2,0,2,6,1,0,1,1,6,1,3,3,2,3,1,3,2,7,7,7,14,12,5,0,0,0,0,0,0,0,0,0,0,0,0,0,0,0,0,0,0,1,0,24,22.3184995686,16,-184.169,-61.087,-38.1233,-78.726,0,29.7671,40.2143,12.4861,0,34.7162,0,33.5316,-33.0263,22.375,0,-222.0413,0
129,1,0,0,0,0,1,1,1,0,1,0,1,0,0,0,0,1,0,0,0,0,0,1,0,1,1,1,1,1657,45,3,-3,0,3,3,0,3,1,0,1,0,0,2,1,0,1,1,4,1,3,1,1,1,0,0,1,3,2,5,7,8,2,3,0,1,1,0,2,4,0,0,0,0,2,0,0,2,1,2,1,3,1,4,5,2,7,4,3,6,1,1,2,0,2,6,1,0,1,1,6,1,3,3,2,3,1,3,2,7,7,7,14,12,5,0,0,0,0,0,0,0,0,0,0,0,0,0,0,0,0,0,0,1,0,24,22.3184995686,16,-184.169,-61.087,-38.1233,-78.726,0,29.7671,40.2143,12.4861,0,34.7162,0,33.5316,-33.0263,22.375,0,-222.0413,0
130,1,0,0,0,1,1,1,1,0,1,0,1,1,0,0,0,1,0,0,0,0,0,1,0,1,1,1,1,1886,45,3,-3,0,3,3,0,3,1,0,1,0,0,2,1,0,1,1,4,1,3,1,1,1,0,0,1,3,2,5,7,8,2,3,0,2,1,0,2,3,0,0,0,0,2,0,0,2,1,2,1,3,1,4,5,2,7,4,3,6,1,2,2,0,2,5,1,0,1,1,6,1,3,3,2,3,1,3,2,7,7,7,14,12,5,0,0,0,0,0,0,0,0,0,0,0,0,0,0,0,0,0,0,1,0,26.5166264088,22.3184995686,16,-184.169,-61.087,-38.1233,-78.726,0,29.7671,40.1286,14.5833,0,35.0541,0,33.5316,-33.0263,22.375,0,-219.6919,0
131,1,0,0,1,1,1,1,1,0,1,0,1,1,0,0,0,1,0,0,0,0,0,1,0,1,1,1,1,2115,45,3,-3,0,3,3,0,3,1,0,1,0,0,2,1,0,1,1,4,1,3,1,1,1,0,0,1,3,2,5,7,8,2,3,1,2,1,0,2,3,0,0,0,0,1,0,0,2,1,3,1,2,1,3,5,2,7,4,4,6,2,2,2,0,2,5,1,0,1,1,5,1,3,3,2,4,1,2,2,6,7,7,14,12,6,0,0,0,0,0,0,0,0,0,0,0,0,0,0,0,0,0,0,1,0,26.5166264088,22.2087390726,17,-184.169,-61.087,-38.1233,-68.3288,0,29.7671,43.1,4.73611,0,35.6351,0,33.5316,-29.8421,20.8125,-19.716,-233.68379,0
132,1,0,0,1,1,1,1,1,0,1,0,1,1,0,0,0,1,0,0,0,0,0,1,0,1,1,1,1,2344,46,2,-3,-1,3,2,1,2,1,0,1,0,1,3,1,0,1,1,4,1,3,1,1,1,0,0,1,3,3,5,8,7,2,3,0,2,2,0,3,2,0,0,0,1,1,0,0,2,1,2,1,3,0,4,4,1,5,4,3,5,1,2,3,0,4,5,1,0,1,2,5,1,3,3,2,3,1,3,1,7,7,6,13,11,5,0,0,0,0,0,0,0,0,0,0,0,0,0,0,0,0,0,0,1,0,27.1440090293,22.4826478458,16,-176.704,-61.087,-38.1233,69.2466,0,-66.4384,42.4714,15.9861,0,33.7162,0,33.5316,-29,8.9875,0,-167.4133,0
133,1,0,0,1,1,1,1,1,0,1,0,1,1,0,0,0,1,0,0,0,0,0,1,0,1,1,1,1,2592,46,2,-3,-1,3,2,1,2,1,0,1,0,1,3,1,0,1,1,4,1,3,1,1,1,0,0,1,3,3,5,8,7,2,3,0,2,2,0,3,2,0,0,0,1,1,0,0,2,1,2,1,3,0,4,4,1,5,4,3,5,1,2,3,0,4,5,1,0,1,2,5,1,3,3,2,3,1,3,1,7,7,6,13,11,5,0,0,0,0,0,0,0,0,0,0,0,0,0,0,0,0,0,0,1,0,27.1440090293,22.4826478458,16,-176.704,-61.087,-38.1233,69.2466,0,-66.4384,42.4714,15.9861,0,33.7162,0,33.5316,-29,8.9875,0,-167.4133,0
134,0,0,0,1,0,0,0,0,1,1,0,1,0,0,1,0,0,0,1,0,0,0,0,0,1,0,0,0,2979,42,-2,-1,-3,1,2,3,1,0,1,1,1,1,1,1,0,4,4,0,0,0,1,2,3,0,0,0,0,2,0,2,10,5,0,1,0,1,0,0,2,2,0,3,4,0,1,2,1,1,1,1,0,1,3,2,1,3,11,2,1,1,1,2,1,1,3,3,0,7,8,0,1,2,2,3,4,1,0,1,3,4,1,5,21,7,0,0,0,0,0,0,0,1,0,0,0,0,0,0,0,0,0,0,0,0,24.5197378148,18.8157516306,5,0,0,0,0,0,0,-44.3714,0,-53.08,-37.4459,-16.1299,0,0,0,-19.6667,-170.6939,0
135,0,0,0,1,0,1,0,0,0,1,0,1,0,0,1,0,1,1,1,0,0,0,0,0,0,0,0,0,3011,46,1,6,7,6,1,7,1,3,2,1,0,0,1,0,1,0,3,0,0,4,4,2,0,0,1,0,5,3,3,6,4,2,0,3,1,0,0,0,0,1,1,0,4,3,0,1,0,1,3,0,3,2,4,1,6,7,7,4,1,6,3,1,0,0,1,1,2,0,7,3,0,5,4,3,3,0,4,2,9,4,9,13,11,6,0,0,0,0,0,0,0,0,0,0,0,0,0,0,0,1,0,0,0,0,18,26.8353184535,2,0,0,0,0,0,0,-44.3571,-49.9722,0,0,0,0,0,0,0,-94.3293,0
136,0,0,0,1,0,0,1,1,1,1,0,1,0,0,1,0,0,0,1,0,0,0,0,0,0,0,0,0,7194,45,3,4,7,4,3,7,2,1,0,1,1,0,0,1,0,0,4,2,0,0,1,4,2,1,0,2,1,0,3,3,9,6,1,2,0,1,1,1,1,0,0,4,1,3,0,1,2,3,1,0,0,1,1,1,5,6,7,4,3,3,0,2,2,1,1,1,0,4,5,5,0,1,3,7,3,1,0,3,2,1,8,9,16,10,1,0,0,0,0,0,0,0,0,0,0,0,0,0,0,0,0,0,0,0,8.4,23.74871357,3,0,0,0,0,0,-65.9589,0,0,0,0,0,0,0,0,-19.3827,-85.3416,0
137,0,0,0,1,0,1,0,0,0,0,0,1,0,1,1,0,0,0,0,0,0,0,0,0,0,0,0,0,7181,34,-2,1,-1,1,2,1,0,0,2,1,0,1,1,2,1,0,1,0,1,3,1,0,0,1,0,2,4,3,0,3,6,0,2,0,1,2,0,0,1,2,1,0,2,2,0,0,0,1,2,0,0,1,0,2,2,4,7,3,2,0,3,3,0,1,2,4,2,0,3,2,1,3,1,1,2,1,0,3,4,5,2,7,13,3,0,0,0,0,0,0,0,0,1,0,0,0,0,0,0,0,0,0,0,0,17.4516415616,18.5750862032,1,0,0,0,0,0,0,0,0,0,0,0,0,-29.1447,0,0,-29.1447,0
138,0,0,0,1,0,1,0,0,0,0,0,1,0,1,1,0,0,0,0,0,0,0,0,0,0,0,0,0,7181,39,0,0,0,0,0,0,0,1,2,1,0,1,0,2,1,0,3,0,1,3,0,1,1,1,0,1,4,2,1,3,7,2,2,0,1,2,0,0,2,2,1,0,2,2,0,0,1,1,2,0,0,2,0,3,2,5,8,3,2,1,3,3,0,1,2,4,2,0,5,2,1,3,1,2,3,1,0,3,4,5,3,8,15,5,0,0,0,0,0,0,0,0,1,0,0,0,0,0,0,0,0,0,0,0,20.4516415616,21.5719211335,2,0,0,0,0,0,0,-43.1857,0,0,0,0,0,-29.1447,0,0,-72.3304,0
139,0,0,0,1,0,1,0,0,0,0,0,1,0,1,1,0,0,0,0,0,0,0,0,0,0,0,0,0,7181,46,-2,1,-1,1,2,1,0,1,2,2,0,1,1,2,0,2,2,0,2,4,0,1,1,1,0,1,5,3,1,4,9,2,2,0,1,2,0,1,2,2,2,0,3,2,0,0,1,1,2,0,0,2,0,3,2,5,9,3,2,1,3,4,0,2,3,4,2,2,5,2,2,4,1,2,3,1,0,3,5,6,3,9,18,5,0,0,0,0,0,0,0,0,1,0,0,0,0,0,0,0,0,0,0,0,24.6516415616,25.7719211335,2,0,0,0,0,0,0,-43.1857,0,0,0,0,0,-29.1447,0,0,-72.3304,0
140,0,0,0,1,1,1,0,0,0,0,0,1,1,1,1,0,0,0,0,0,0,0,0,0,0,0,0,0,7181,55,-1,-1,-2,1,1,2,2,1,0,1,0,2,2,2,0,2,3,0,2,3,1,1,2,0,1,2,4,2,1,3,13,3,2,0,3,3,0,1,2,2,2,0,3,2,0,1,1,1,2,1,0,2,2,5,2,7,9,3,4,1,3,4,0,3,4,4,2,2,6,2,2,4,2,2,4,1,1,4,6,7,3,10,22,6,0,0,0,0,0,0,0,0,1,0,0,0,0,0,0,0,0,0,0,0,30.0516415616,31.1237870939,2,0,0,0,0,0,0,-43.1857,0,0,0,0,0,-29.1447,0,0,-72.3304,0
141,0,1,1,0,0,0,1,1,0,0,0,1,1,0,1,0,0,0,0,0,0,0,0,0,0,1,0,1,126,51,5,-1,4,1,5,4,1,1,0,1,0,1,0,0,1,3,3,3,0,0,2,2,1,2,2,2,4,0,4,4,9,3,2,0,2,0,0,2,2,1,1,0,4,2,0,3,4,2,0,0,1,0,4,4,2,6,7,2,3,1,2,1,0,3,2,1,2,3,7,5,0,3,6,4,1,2,3,2,8,4,6,10,16,5,0,0,0,0,0,0,0,0,0,0,0,0,0,1,0,0,0,0,0,0,22.9775681155,26.5784864653,7,0,-121.797,-63.6301,-29.2603,0,-27.8904,0,0,0,0,0,-16.3165,-28.2632,0,0,-287.1575,0
142,0,1,1,0,0,0,0,1,1,1,0,1,0,0,1,0,1,0,0,0,0,0,0,0,0,1,0,0,260,34,3,0,3,0,3,3,1,1,1,2,0,1,0,3,1,1,2,2,0,0,0,1,1,0,0,0,0,1,3,4,7,2,2,0,0,0,1,1,0,0,0,2,3,0,0,0,2,1,1,0,2,2,2,0,0,0,9,2,3,1,1,2,1,2,0,3,1,3,5,2,0,0,2,2,2,0,2,2,2,1,3,4,16,4,0,0,0,0,0,0,0,0,0,0,0,0,0,0,0,0,0,0,1,0,9.0305091392,14.8375905769,2,0,0,0,0,0,-57.1918,0,0,0,0,0,0,0,0,-21.3827,-78.5745,0
143,1,1,0,0,0,0,0,1,0,1,0,1,1,0,0,0,1,0,0,0,0,0,1,0,1,1,0,1,349,60,0,-4,-4,4,0,4,6,1,0,3,0,1,2,0,0,1,2,1,1,3,4,1,4,0,0,0,3,2,2,4,10,5,2,0,2,0,0,0,4,0,0,1,1,2,0,5,8,2,2,1,0,0,6,6,2,8,4,4,8,1,2,3,0,1,6,0,0,2,3,3,1,8,12,3,6,1,0,0,9,8,4,12,14,9,0,0,0,0,0,0,0,0,0,0,0,0,0,0,0,1,0,0,0,0,34.8,33.5029582747,10,0,-156.913,-40.6027,35.1918,0,-11.3836,33.5571,30.4722,0,23.7973,0,14.4684,0,16.2125,0,-55.2,0
144,0,1,0,0,0,0,0,0,0,1,0,1,0,0,1,1,0,0,0,0,0,0,0,0,0,0,0,0,524,31,2,2,4,2,2,4,2,2,0,0,0,0,0,0,0,4,1,0,1,0,0,3,2,0,0,0,0,0,2,2,8,5,1,0,0,0,0,2,1,0,1,3,1,2,0,0,0,1,1,0,2,1,2,1,2,3,6,2,3,2,0,0,0,2,1,0,1,7,2,2,1,0,0,4,3,0,2,1,2,1,4,5,14,7,0,0,0,0,0,0,0,0,0,0,0,0,0,0,0,0,0,0,0,1,0,12.9876591815,5,0,0,-109.877,0,0,0,0,0,-18.8133,0,0,-40,-30.2368,0,0,-198.9271,0
145,0,1,0,0,0,0,0,0,0,1,0,1,0,0,0,1,0,0,0,0,0,0,0,0,0,0,0,0,524,33,2,2,4,2,2,4,2,2,0,0,0,0,0,0,0,3,2,0,1,0,1,3,2,0,0,0,0,0,2,2,8,5,1,0,0,0,0,2,1,0,1,4,1,2,0,0,0,1,1,0,2,1,2,1,2,3,7,2,3,2,0,0,0,2,1,0,1,7,3,2,1,0,1,4,3,0,2,1,2,1,4,5,15,7,0,0,0,0,0,0,0,0,0,0,0,0,0,0,0,0,0,0,0,1,0,14.1876591815,6,0,0,-109.877,0,0,0,0,0,-18.8133,0,0,-40,-30.2368,0,-18.7778,-217.7049,0
146,0,0,0,0,0,0,0,0,1,1,0,1,0,0,1,0,1,0,1,0,0,0,0,0,0,0,0,0,659,74,0,4,4,4,0,4,4,1,0,3,4,1,2,4,0,3,4,1,0,2,0,4,0,0,3,1,5,2,2,4,16,4,3,3,1,0,2,0,1,1,0,3,5,3,1,2,1,7,2,0,1,1,3,2,6,8,14,9,7,4,1,3,6,1,3,5,0,6,9,4,1,4,1,11,2,0,4,2,8,4,8,12,30,13,0,0,0,0,0,0,0,0,0,0,0,0,0,0,0,1,0,0,0,0,33.2553864678,41.3030517891,3,0,0,0,0,0,0,-31.4429,0,0,-20.6216,0,0,0,-25.475,0,-77.5395,0
147,0,0,0,0,0,0,1,0,1,1,0,1,0,0,1,0,1,0,1,0,0,0,0,0,0,1,0,0,728,51,7,-1,6,1,7,6,4,3,0,1,2,0,0,4,0,0,2,4,0,0,0,2,2,0,0,1,0,0,7,7,11,4,2,1,1,0,2,0,1,0,0,3,5,0,1,2,1,5,0,0,1,1,3,2,1,3,12,5,6,4,1,1,4,0,1,4,0,3,7,4,1,2,1,7,2,0,1,2,3,2,8,10,23,9,0,0,0,0,0,0,0,0,0,0,0,0,0,0,0,1,0,0,0,0,19.8919701491,28.1322839714,2,0,0,0,0,0,0,0,0,0,-20.6216,0,0,0,-25.475,0,-46.0966,0
148,1,0,0,0,1,0,0,1,0,1,0,1,1,0,0,0,0,0,0,0,0,0,1,0,1,1,1,1,700,46,3,-3,0,3,3,0,3,3,0,1,0,0,2,1,0,1,1,2,1,3,1,1,1,0,0,2,3,2,5,7,9,2,3,0,2,1,0,1,3,0,1,0,2,1,0,1,4,1,1,1,1,0,3,5,1,6,5,2,6,3,2,2,0,1,5,1,1,1,3,3,1,4,5,2,2,1,1,2,6,7,6,13,14,4,0,0,0,0,0,0,1,0,0,0,0,0,0,0,0,0,0,0,0,0,27.1440090293,22.9679453947,11,-143.338,-100.71,-62.2466,-3.69863,0,1.43836,30.3,24.1944,0,25.9459,0,21.9873,0,8.3625,0,-197.76477,0
149,1,0,0,0,0,1,1,1,0,1,0,1,0,0,1,0,1,0,0,0,0,0,1,0,1,1,1,1,945,47,2,-4,-2,4,2,2,1,1,0,1,0,1,3,1,0,1,1,4,1,3,1,1,1,0,0,2,3,3,5,8,7,2,4,0,1,0,0,2,4,0,0,0,2,1,0,0,3,2,2,1,2,0,3,5,1,6,6,4,5,1,1,1,0,3,7,1,0,1,3,5,1,3,4,3,3,1,2,2,6,8,6,14,13,6,0,0,0,0,0,0,0,0,0,0,0,0,0,0,0,0,0,0,1,0,25.2,23.0980081295,19,-184.014,-68.8551,-38.1233,-80.9315,0,-58.1507,42.5571,-5.13889,0,33.7162,0,32.7215,-15.3289,23.25,0,-318.29759,0
150,1,0,0,0,0,1,1,1,0,1,0,1,0,0,0,0,1,0,0,0,0,0,1,0,1,1,1,1,1196,46,2,-3,-1,3,2,1,3,1,0,1,0,0,3,1,0,1,1,4,1,3,1,1,1,0,0,1,3,3,5,8,8,2,3,0,1,2,0,3,3,0,0,0,1,1,0,0,2,1,2,1,3,0,4,4,1,5,4,3,6,1,1,3,0,3,6,1,0,1,2,5,1,3,3,2,3,1,3,1,7,7,6,13,12,5,0,0,0,0,0,0,0,0,0,0,0,0,0,0,0,0,0,0,1,0,24.6,22.4826478458,14,-169.592,-61.087,-38.1233,69.726,0,29.7671,42.5571,13.8889,0,33.3784,0,33.5316,-31.4211,8.9875,0,-68.3868,0
151,1,0,0,0,0,1,1,1,0,1,0,1,0,0,0,0,1,0,0,0,0,0,1,0,1,1,1,1,1428,45,3,-3,0,3,3,0,3,1,0,1,0,0,2,1,0,1,1,4,1,3,1,1,1,0,0,1,3,2,5,7,8,2,3,0,1,1,0,2,4,0,0,0,0,2,0,0,2,1,2,1,3,1,4,5,2,7,4,3,6,1,1,2,0,2,6,1,0,1,1,6,1,3,3,2,3,1,3,2,7,7,7,14,12,5,0,0,0,0,0,0,0,0,0,0,0,0,0,0,0,0,0,0,1,0,24,22.3184995686,16,-184.169,-61.087,-38.1233,-78.726,0,29.7671,40.2143,12.4861,0,34.7162,0,33.5316,-33.0263,22.375,0,-222.0413,0
152,1,0,0,0,0,1,1,1,0,1,0,1,0,0,0,0,1,0,0,0,0,0,1,0,1,1,1,1,1657,45,3,-3,0,3,3,0,3,1,0,1,0,0,2,1,0,1,1,4,1,3,1,1,1,0,0,1,3,2,5,7,8,2,3,0,1,1,0,2,4,0,0,0,0,2,0,0,2,1,2,1,3,1,4,5,2,7,4,3,6,1,1,2,0,2,6,1,0,1,1,6,1,3,3,2,3,1,3,2,7,7,7,14,12,5,0,0,0,0,0,0,0,0,0,0,0,0,0,0,0,0,0,0,1,0,24,22.3184995686,16,-184.169,-61.087,-38.1233,-78.726,0,29.7671,40.2143,12.4861,0,34.7162,0,33.5316,-33.0263,22.375,0,-222.0413,0
153,1,0,0,0,1,1,1,1,0,1,0,1,1,0,0,0,1,0,0,0,0,0,1,0,1,1,1,1,1886,45,3,-3,0,3,3,0,3,1,0,1,0,0,2,1,0,1,1,4,1,3,1,1,1,0,0,1,3,2,5,7,8,2,3,0,2,1,0,2,3,0,0,0,0,2,0,0,2,1,2,1,3,1,4,5,2,7,4,3,6,1,2,2,0,2,5,1,0,1,1,6,1,3,3,2,3,1,3,2,7,7,7,14,12,5,0,0,0,0,0,0,0,0,0,0,0,0,0,0,0,0,0,0,1,0,26.5166264088,22.3184995686,16,-184.169,-61.087,-38.1233,-78.726,0,29.7671,40.1286,14.5833,0,35.0541,0,33.5316,-33.0263,22.375,0,-219.6919,0
154,1,0,0,1,1,1,1,1,0,1,0,1,1,0,0,0,1,0,0,0,0,0,1,0,1,1,1,1,2115,45,3,-3,0,3,3,0,3,1,0,1,0,0,2,1,0,1,1,4,1,3,1,1,1,0,0,1,3,2,5,7,8,2,3,1,2,1,0,2,3,0,0,0,0,1,0,0,2,1,3,1,2,1,3,5,2,7,4,4,6,2,2,2,0,2,5,1,0,1,1,5,1,3,3,2,4,1,2,2,6,7,7,14,12,6,0,0,0,0,0,0,0,0,0,0,0,0,0,0,0,0,0,0,1,0,26.5166264088,22.2087390726,17,-184.169,-61.087,-38.1233,-68.3288,0,29.7671,43.1,4.73611,0,35.6351,0,33.5316,-29.8421,20.8125,-19.716,-233.68379,0
155,1,0,0,1,1,1,1,1,0,1,0,1,1,0,0,0,1,0,0,0,0,0,1,0,1,1,1,1,2344,46,2,-3,-1,3,2,1,2,1,0,1,0,1,3,1,0,1,1,4,1,3,1,1,1,0,0,1,3,3,5,8,7,2,3,0,2,2,0,3,2,0,0,0,1,1,0,0,2,1,2,1,3,0,4,4,1,5,4,3,5,1,2,3,0,4,5,1,0,1,2,5,1,3,3,2,3,1,3,1,7,7,6,13,11,5,0,0,0,0,0,0,0,0,0,0,0,0,0,0,0,0,0,0,1,0,27.1440090293,22.4826478458,16,-176.704,-61.087,-38.1233,69.2466,0,-66.4384,42.4714,15.9861,0,33.7162,0,33.5316,-29,8.9875,0,-167.4133,0
156,1,0,0,1,1,1,1,1,0,1,0,1,1,0,0,0,1,0,0,0,0,0,1,0,1,1,1,1,2592,46,2,-3,-1,3,2,1,2,1,0,1,0,1,3,1,0,1,1,4,1,3,1,1,1,0,0,1,3,3,5,8,7,2,3,0,2,2,0,3,2,0,0,0,1,1,0,0,2,1,2,1,3,0,4,4,1,5,4,3,5,1,2,3,0,4,5,1,0,1,2,5,1,3,3,2,3,1,3,1,7,7,6,13,11,5,0,0,0,0,0,0,0,0,0,0,0,0,0,0,0,0,0,0,1,0,27.1440090293,22.4826478458,16,-176.704,-61.087,-38.1233,69.2466,0,-66.4384,42.4714,15.9861,0,33.7162,0,33.5316,-29,8.9875,0,-167.4133,0
157,0,0,0,1,0,0,0,0,1,1,0,1,0,0,1,0,0,0,1,0,0,0,0,0,1,0,0,0,2979,42,-2,-1,-3,1,2,3,1,0,1,1,1,1,1,1,0,4,4,0,0,0,1,2,3,0,0,0,0,2,0,2,10,5,0,1,0,1,0,0,2,2,0,3,4,0,1,2,1,1,1,1,0,1,3,2,1,3,11,2,1,1,1,2,1,1,3,3,0,7,8,0,1,2,2,3,4,1,0,1,3,4,1,5,21,7,0,0,0,0,0,0,0,1,0,0,0,0,0,0,0,0,0,0,0,0,24.5197378148,18.8157516306,5,0,0,0,0,0,0,-44.3714,0,-53.08,-37.4459,-16.1299,0,0,0,-19.6667,-170.6939,0
158,0,0,0,1,0,1,0,0,0,1,0,1,0,0,1,0,1,1,1,0,0,0,0,0,0,0,0,0,3011,46,1,6,7,6,1,7,1,3,2,1,0,0,1,0,1,0,3,0,0,4,4,2,0,0,1,0,5,3,3,6,4,2,0,3,1,0,0,0,0,1,1,0,4,3,0,1,0,1,3,0,3,2,4,1,6,7,7,4,1,6,3,1,0,0,1,1,2,0,7,3,0,5,4,3,3,0,4,2,9,4,9,13,11,6,0,0,0,0,0,0,0,0,0,0,0,0,0,0,0,1,0,0,0,0,18,26.8353184535,2,0,0,0,0,0,0,-44.3571,-49.9722,0,0,0,0,0,0,0,-94.3293,0
159,0,0,0,1,0,0,0,1,1,1,0,1,0,0,0,0,0,0,1,0,0,0,0,0,0,0,0,0,9204,56,0,4,4,4,0,4,2,2,3,1,0,1,0,0,1,4,2,0,1,3,3,1,1,1,1,1,5,3,2,5,10,2,1,0,0,2,1,0,0,2,1,2,3,3,1,1,4,2,0,0,2,3,3,0,3,3,12,2,3,2,3,3,1,1,0,2,2,6,5,3,2,4,7,3,1,1,3,4,8,3,5,8,22,4,0,0,0,0,0,0,0,0,0,0,0,1,0,0,0,0,0,0,0,0,29.8552513596,32.372252633,3,0,0,0,0,0,0,0,-56.3056,-51.7733,0,0,0,0,0,-17.037,-125.1159,0
160,0,0,0,1,0,0,1,0,1,1,0,1,0,0,1,0,0,0,1,0,0,0,0,0,0,1,0,0,9299,32,1,0,1,0,1,1,0,0,1,1,1,0,0,1,0,0,1,2,0,2,2,1,2,0,1,1,3,1,2,3,3,3,0,1,1,1,1,1,1,1,0,1,1,1,0,3,0,2,0,1,0,0,4,2,2,4,3,2,0,1,2,2,2,1,1,2,0,1,2,3,0,5,2,3,2,1,1,1,7,3,4,7,6,5,0,0,0,0,0,0,0,0,0,0,0,0,0,1,0,0,0,0,0,0,14.8771140095,15.1078784028,5,0,0,-110.945,0,-73.0417,0,-33.2571,0,0,-38.5811,0,0,0,-14.4375,0,-270.2624,0
161,0,0,0,1,1,0,0,0,1,0,0,1,1,1,1,0,0,0,1,1,1,0,0,0,1,1,0,0,7717,54,0,-3,-3,3,0,3,2,2,1,1,2,2,1,1,0,2,3,0,3,0,2,3,0,0,1,1,1,2,2,4,12,3,1,2,4,1,0,2,2,0,0,7,3,1,0,1,0,1,1,0,1,0,2,6,3,9,11,2,3,4,5,2,2,4,3,1,0,9,6,1,3,1,2,4,1,0,2,1,3,8,5,13,23,5,0,0,0,0,0,0,0,0,0,1,0,0,0,0,0,0,0,0,0,0,29.5728558813,22.6174636024,4,0,0,0,0,0,0,0,0,0,0,0,-30.2658,0,0,-20.9877,-51.2535,0
162,0,0,0,1,1,0,0,0,1,0,1,0,1,1,0,0,0,0,1,1,1,0,0,0,1,1,0,0,7717,46,-1,-3,-4,3,1,4,2,1,1,0,2,0,1,1,0,2,5,0,2,0,1,3,1,0,0,1,0,2,1,3,13,4,1,2,4,1,0,2,2,0,0,6,1,1,0,1,0,1,0,0,1,0,2,6,3,9,8,1,3,3,5,1,2,2,3,1,0,8,6,1,2,1,1,4,1,0,1,1,2,8,4,12,21,5,0,0,0,0,0,0,0,0,0,1,0,0,0,0,0,0,0,0,0,0,24.7728558813,17.8174636024,3,0,0,0,0,0,0,0,0,0,0,0,-30.2658,0,0,-20.9877,-51.2535,0
163,0,0,0,1,1,0,0,0,1,1,1,0,0,0,0,0,0,0,1,1,1,0,0,0,1,0,0,0,7717,36,-2,-2,-4,2,2,4,0,1,2,0,1,0,1,1,0,2,3,0,1,1,1,3,1,0,0,0,1,3,1,4,7,4,1,1,2,1,0,2,2,0,0,6,1,1,0,0,0,0,0,0,1,0,1,4,2,6,8,0,1,2,4,1,1,2,3,1,0,8,4,1,1,1,1,3,1,0,1,0,2,7,3,10,15,4,0,0,0,0,0,0,0,0,0,1,0,0,0,0,0,0,0,0,0,0,18.995995992,11.9010443691,2,0,0,0,0,0,0,0,0,0,0,0,-30.2658,0,0,-20.9877,-51.2535,0
164,0,0,0,1,0,0,0,0,0,1,0,1,0,0,1,1,0,0,0,1,1,0,0,0,1,0,0,0,4345,32,0,0,0,0,0,0,0,0,0,3,0,0,0,3,0,1,0,0,1,2,0,3,1,0,1,1,3,0,0,0,6,4,0,2,1,1,0,0,1,0,0,2,3,0,0,3,0,1,0,1,0,1,4,2,2,4,6,1,0,2,1,4,0,0,1,3,0,3,3,0,1,5,0,4,1,1,1,2,7,2,2,4,12,5,0,0,0,0,0,0,0,0,0,0,1,0,0,0,0,0,0,0,0,0,14.0911534525,11.3814881837,2,0,0,-113.521,0,0,0,0,0,0,0,0,-36.0506,0,0,0,-149.5716,0
165,0,0,0,1,0,0,0,0,0,1,0,1,0,0,1,1,0,0,0,1,1,0,0,0,1,1,0,0,4339,34,1,0,1,0,1,1,0,1,0,3,0,0,0,3,0,1,1,0,1,2,0,2,1,0,1,1,3,0,1,1,7,3,0,2,1,1,0,0,1,0,0,2,3,0,0,3,0,2,0,1,0,1,4,2,2,4,6,2,0,3,1,4,0,0,1,3,0,3,4,0,1,5,0,4,1,1,1,2,7,2,3,5,13,5,0,0,0,0,0,0,0,0,0,0,1,0,0,0,0,0,0,0,0,0,15.2911534525,12.5814881837,2,0,0,-113.521,0,0,0,0,0,0,0,0,-36.0506,0,0,0,-149.5716,0
166,0,0,0,1,0,1,0,1,1,1,0,1,0,0,1,0,0,0,0,1,1,0,0,0,0,1,0,1,3308,33,2,0,2,0,2,2,0,0,0,1,1,3,0,1,1,1,3,1,0,0,2,1,0,0,1,0,1,0,1,1,5,1,1,1,0,1,0,0,1,1,0,2,3,0,0,1,2,1,2,0,0,1,1,1,1,2,8,3,1,1,0,2,1,3,1,2,1,3,6,1,0,1,4,2,2,0,1,1,2,1,2,3,13,4,0,0,0,0,0,0,0,0,0,0,0,0,0,0,0,0,1,0,0,0,15.6,18.5514065933,6,0,-156.725,-114.562,0,0,-56.3288,0,0,0,-37.2027,0,-33.1646,0,-21.7875,0,-419.7706,0
167,0,0,0,1,1,0,0,0,1,1,0,1,1,0,0,0,0,0,1,1,1,0,0,0,1,0,0,0,2572,44,1,2,3,2,1,3,0,0,0,0,1,0,0,0,0,2,2,1,2,5,1,4,0,1,2,1,8,0,1,1,7,4,0,2,2,4,2,0,0,0,0,5,2,2,0,1,0,1,0,0,0,1,1,2,4,6,8,1,0,2,2,4,3,0,0,0,0,7,4,3,2,6,1,5,0,1,2,2,9,2,5,7,15,5,0,0,1,0,0,0,0,0,0,0,0,0,0,0,0,0,0,0,0,0,25.8,19.2996268241,5,0,0,0,0,0,0,0,0,0,-29.7297,-11.7532,-37.7215,0,0,-20.0864,-99.2908,0
168,0,0,0,1,1,0,0,0,1,1,0,1,1,0,0,0,0,0,1,1,1,0,0,0,1,0,0,0,2572,43,1,2,3,2,1,3,0,0,0,0,1,0,0,0,0,2,2,1,1,5,1,4,0,1,2,1,8,0,1,1,6,4,0,2,2,4,2,0,0,0,0,5,2,2,0,1,0,1,0,0,0,1,1,2,4,6,8,1,0,2,2,4,3,0,0,0,0,7,4,3,1,6,1,5,0,1,2,2,9,2,5,7,14,5,0,0,1,0,0,0,0,0,0,0,0,0,0,0,0,0,0,0,0,0,25.2,18.6996268241,5,0,0,0,0,0,0,0,0,0,-29.7297,-11.7532,-37.7215,0,0,-20.0864,-99.2908,0
169,0,0,0,1,1,0,1,0,1,1,0,1,1,0,0,0,0,0,1,1,1,0,0,0,1,0,0,0,2572,42,1,2,3,2,1,3,0,0,0,1,1,0,0,0,0,2,2,1,0,5,1,4,0,1,2,1,8,0,1,1,5,4,0,2,2,3,2,0,0,0,0,5,2,2,0,1,0,1,0,0,0,1,1,2,4,6,8,1,0,2,2,4,3,0,0,0,0,7,4,3,0,6,1,5,0,1,2,2,9,2,5,7,13,5,0,0,1,0,0,0,0,0,0,0,0,0,0,0,0,0,0,0,0,0,24.6,18.0996268241,4,0,0,0,0,0,0,0,0,0,-29.7297,-11.7532,0,0,0,-20.0864,-61.5693,0
170,0,0,0,1,1,0,1,0,1,1,1,0,1,0,0,0,0,0,1,1,1,0,0,0,1,0,0,0,2572,34,1,2,3,2,1,3,0,0,0,2,1,0,0,0,0,2,2,1,0,3,1,4,0,0,1,0,4,0,1,1,4,4,0,2,2,2,2,0,0,0,0,4,1,2,0,1,0,0,0,0,0,1,1,2,4,6,6,0,0,2,2,4,3,0,0,0,0,6,3,3,0,4,1,4,0,0,1,1,5,2,5,7,10,4,0,0,1,0,0,0,0,0,0,0,0,0,0,0,0,0,0,0,0,0,19.8,13.4422205102,3,0,0,0,0,0,0,0,0,0,0,-11.7532,0,0,0,-20.0864,-31.8396,0
171,0,0,0,0,0,0,1,0,1,0,0,0,1,1,1,0,1,0,1,1,1,0,0,0,0,1,0,0,1509,40,5,0,5,0,5,5,0,2,0,1,1,0,1,0,1,1,3,3,0,0,4,2,0,0,0,1,0,1,5,6,5,2,1,0,0,0,0,1,1,6,1,1,3,0,0,0,0,2,0,0,2,2,2,1,0,1,13,2,1,2,0,1,1,1,2,6,2,2,6,3,0,0,4,4,0,0,2,3,2,2,5,7,18,4,0,0,0,0,0,0,0,0,0,0,0,0,0,0,0,0,0,0,1,0,17.0830807501,19.7789999604,4,0,0,0,-76.8767,-74.0556,0,-44.3,0,0,0,-16.026,0,0,0,0,-211.2583,0
172,0,0,0,0,0,0,0,0,1,0,0,1,0,1,1,0,0,0,1,1,1,0,0,0,0,0,0,0,1477,50,3,3,6,3,3,6,2,3,1,0,0,3,1,3,0,1,0,2,0,1,5,0,2,0,0,1,1,2,5,7,7,2,1,2,0,2,1,0,0,4,0,4,2,1,0,2,0,2,1,1,1,1,4,0,3,3,12,3,3,5,1,2,1,3,1,7,0,5,2,3,0,3,5,2,3,1,1,2,5,2,8,10,19,5,0,0,0,0,0,0,0,0,0,1,0,0,0,0,0,0,0,0,0,0,19.3214492953,23.1424004011,6,0,0,0,-80.8493,0,-63.6301,0,0,-47.08,0,0,0,0,-20.05,0,-211.6094,0
173,1,1,0,0,1,1,0,1,0,0,0,1,1,1,1,0,1,0,0,1,1,0,1,0,1,1,1,1,455,50,1,-5,-4,5,1,4,2,1,1,1,0,1,1,1,0,1,1,2,1,3,1,4,2,0,0,2,3,2,3,5,8,6,0,0,4,0,0,0,2,1,0,2,0,1,0,1,2,4,5,3,0,0,4,6,1,7,3,9,2,1,5,1,0,1,3,2,0,3,1,3,1,4,3,8,7,3,0,2,7,8,4,12,11,15,0,0,0,0,0,0,0,0,0,0,0,0,0,0,0,1,0,0,0,0,27.7465089143,27.4005803746,16,-155.901,-129.681,-70.3973,51.4932,-79.5556,16.9589,34.9286,-0.791667,-51.0933,35.5541,-9.16883,11.5063,0,-9.1625,-17.2593,-372.569397,0
174,1,1,1,0,0,0,1,1,0,1,0,1,1,0,0,0,1,0,0,1,1,0,1,0,1,1,1,1,116,48,3,-3,0,3,3,0,5,1,0,1,0,1,1,0,0,0,1,3,1,3,2,2,0,0,0,3,3,1,4,5,10,2,2,0,1,4,0,0,3,1,0,0,0,1,1,0,2,3,1,1,3,1,4,4,1,5,5,4,7,1,1,5,0,1,4,1,0,0,1,4,2,3,4,5,1,1,3,4,7,5,5,10,15,6,0,0,0,0,0,0,0,0,0,0,0,0,0,0,0,0,0,0,1,0,25.8,24.0311827447,13,-180.817,-110.71,-114.274,55.6438,0,14.2466,42.8714,16.0972,0,34.8378,0,31.038,-16.25,13.55,0,-213.7662,0
175,0,1,1,0,0,0,0,0,1,1,0,1,1,0,1,0,0,0,0,1,1,0,0,0,0,1,0,0,1,37,1,0,1,0,1,1,0,0,1,1,0,1,0,0,1,3,3,1,0,2,0,1,1,1,0,2,3,1,1,2,8,2,1,0,1,1,1,1,0,1,0,2,0,1,0,0,0,5,1,1,0,3,1,1,1,2,7,6,1,0,2,2,1,2,0,1,1,5,3,2,0,2,0,6,2,2,0,5,4,2,2,4,15,8,0,0,0,0,0,0,0,0,0,0,0,0,0,0,0,0,1,0,0,0,20.3478228735,20.6915122341,0,0,0,0,0,0,0,0,0,0,0,0,0,0,0,0,0,1
176,0,1,1,0,0,0,1,0,0,1,0,1,0,0,1,0,0,0,1,1,1,0,0,0,0,0,0,0,20,42,2,5,7,5,2,7,2,3,1,2,0,1,0,1,0,1,3,0,1,0,2,1,1,0,1,1,1,1,3,4,9,2,0,2,0,1,0,0,0,0,0,3,3,3,1,2,1,1,1,1,2,0,5,0,5,5,7,2,2,5,1,3,0,1,0,1,0,4,6,3,2,2,3,2,2,1,3,1,6,1,8,9,16,4,0,0,0,0,0,0,0,0,0,0,0,0,0,1,0,0,0,0,0,0,12,22.6492284603,1,0,0,0,0,0,0,0,0,0,0,-8.33766,0,0,0,0,-8.33766,0
177,0,1,1,0,0,0,1,0,0,1,0,1,0,0,0,0,0,0,1,1,1,0,0,0,0,0,0,0,2,36,1,5,6,5,1,6,2,2,1,2,0,1,0,1,0,1,2,0,1,0,2,1,1,0,1,0,1,1,2,3,7,2,0,2,0,1,0,0,0,0,0,3,3,3,1,2,0,0,0,1,2,0,5,0,5,5,7,0,2,4,1,3,0,1,0,1,0,4,5,3,2,2,2,1,1,1,3,0,6,1,7,8,14,2,0,0,0,0,0,0,0,0,0,0,0,0,0,1,0,0,0,0,0,0,8.4,19.3144336862,1,0,0,0,0,0,0,0,0,0,0,-8.33766,0,0,0,0,-8.33766,0
178,0,0,0,1,0,0,1,0,1,1,0,1,0,0,1,0,0,0,0,1,1,0,0,0,0,0,0,0,6098,35,3,3,6,3,3,6,0,0,0,2,0,0,0,0,0,2,3,3,1,1,1,2,0,1,1,0,3,0,3,3,6,2,1,0,0,3,1,0,0,0,0,3,5,3,0,1,1,0,0,0,0,0,1,0,3,3,9,0,1,0,0,5,1,0,0,0,0,5,8,6,1,2,2,2,0,1,1,0,4,0,6,6,15,2,0,0,0,1,0,0,0,0,0,0,0,0,0,0,0,0,0,0,0,0,0,13.8572913343,2,0,0,0,0,0,0,0,-50.3333,0,0,0,0,0,0,-19.7654,-70.0987,0
179,0,0,0,1,0,0,1,0,1,1,0,1,0,0,1,0,0,0,0,1,1,0,0,0,0,0,0,0,6098,38,3,3,6,3,3,6,0,0,0,3,0,0,0,0,0,2,2,3,2,1,2,2,0,1,1,0,3,0,3,3,6,2,1,0,0,3,1,0,0,0,0,3,6,3,0,1,1,0,0,0,0,0,1,0,3,3,10,0,1,0,0,6,1,0,0,0,0,5,8,6,2,2,3,2,0,1,1,0,4,0,6,6,16,2,0,0,0,1,0,0,0,0,0,0,0,0,0,0,0,0,0,0,0,0,0,15.6572913343,2,0,0,0,0,0,0,0,-50.3333,0,0,0,0,0,0,-19.7654,-70.0987,0
180,0,0,0,1,0,0,1,0,0,1,0,1,0,0,1,1,0,0,0,1,1,0,0,0,1,1,0,0,6111,36,1,-2,-1,2,1,1,1,0,1,1,0,1,1,0,0,2,3,3,1,0,1,1,0,0,1,1,1,2,3,5,8,1,2,0,1,1,0,2,3,0,1,0,3,1,0,1,1,1,1,0,0,0,1,4,1,5,5,2,3,0,2,2,0,3,4,0,1,2,6,4,1,1,2,2,1,0,1,1,2,6,4,10,13,3,0,0,0,0,0,0,0,0,0,0,1,0,0,0,0,0,0,0,0,0,20.4,17.0126465816,3,0,0,0,-81.7397,0,0,-46.7714,0,0,0,0,0,-25.1316,0,0,-153.6427,0
181,0,0,0,1,0,0,1,0,1,1,0,1,0,0,1,0,0,0,0,1,1,0,0,0,0,0,0,1,6098,43,2,4,6,4,2,6,0,0,1,3,1,0,0,0,0,1,2,3,3,1,2,2,0,1,1,0,3,1,3,4,6,2,1,0,0,3,1,0,0,0,0,4,6,4,0,1,1,1,0,0,0,0,1,0,4,4,11,1,1,0,1,6,2,0,0,0,0,5,8,7,3,2,3,3,0,1,1,0,4,1,7,8,17,3,0,0,0,1,0,0,0,0,0,0,0,0,0,0,0,0,0,0,0,0,0.6,18.3596116139,4,0,-164.899,-97.8493,0,0,0,0,-50.3333,0,0,0,0,0,0,-19.7654,-332.847,0
182,0,0,0,1,0,0,1,0,0,1,0,1,0,0,1,1,0,0,0,1,1,0,0,0,1,0,0,0,6111,46,0,0,0,0,0,0,1,0,1,2,0,2,1,2,1,1,2,1,1,0,2,1,0,0,1,4,1,2,1,3,11,1,2,0,1,1,0,2,3,0,1,1,4,3,0,1,1,2,1,0,0,0,1,4,3,7,7,3,3,0,2,3,0,4,4,2,2,2,6,4,1,1,3,3,1,0,1,4,2,6,4,10,18,4,0,0,0,0,0,0,0,0,0,0,1,0,0,0,0,0,0,0,0,0,24.5740852298,23.093269829,3,0,0,0,-81.7397,0,0,-46.7714,0,0,0,0,0,-25.1316,0,0,-153.6427,0
183,0,0,0,1,0,0,1,0,0,1,0,1,0,0,1,1,0,0,0,1,1,0,0,0,1,0,0,0,6111,48,0,0,0,0,0,0,1,0,1,2,0,2,1,2,1,1,2,1,1,0,2,1,0,0,1,5,1,2,1,3,12,1,2,0,1,1,0,3,3,0,1,1,4,3,0,1,1,2,1,0,0,0,1,4,3,7,7,3,3,0,2,3,0,5,4,2,2,2,6,4,1,1,3,3,1,0,1,5,2,6,4,10,19,4,0,0,0,0,0,0,0,0,0,0,1,0,0,0,0,0,0,0,0,0,25.7740852298,24.293269829,3,0,0,0,-81.7397,0,0,-46.7714,0,0,0,0,0,-25.1316,0,0,-153.6427,0
184,0,0,0,1,0,0,1,0,1,1,0,1,0,0,1,0,0,0,0,1,1,0,0,0,0,0,0,1,6098,67,0,6,6,6,0,6,0,0,2,3,2,1,1,2,0,3,2,3,4,1,3,2,1,1,1,1,3,3,3,6,12,3,1,0,0,5,1,0,0,0,0,5,8,6,0,2,2,2,0,1,1,0,4,0,6,6,14,2,1,0,2,8,3,1,1,2,0,8,10,9,4,3,5,4,1,2,2,1,7,3,9,12,26,5,0,0,0,1,0,0,0,0,0,0,0,0,0,0,0,0,0,0,0,0,13.8015144565,32.2816997273,5,0,-164.899,-97.8493,0,0,0,0,-50.3333,0,0,0,0,0,-25.975,-19.7654,-358.822,0
