Precursor Index,Classification,Precursor peptide mass,Leader peptide mass,Core peptide mass,Distance,Within 500 nt?,Within 150 nt?,Further than 1000 nt?,Ratio of N-term to 1st C 0.25<x<0.60,Ratio of N-term to 1st C <0.25 or >0.60,Three or more C,Less than 3 C,CXXXXXC,CXXXC,CXXC,CXC,CC,CCC,No cys in last 1/4th?,"""2 Cys in first 2/3rds and 1 Cys in last 1/3rd""",Peptide matches SboA hmm,Peptide matches SkfA hmm,Peptide matches SCIFF hmm,Cluster has PF05402 (PqqD/RRE),Cluster has PF13186 (SPASM),PF04055 (rSAM) domain start,BOOL peptidase PF05193,BOOL S8 peptidase PF00082,BOOL S41 peptidase PF03572,BOOL M16 peptidase PF00675,BOOL ABC trans PF00005,BOOL ABC mem PF00664,BOOL response reg PF00072,BOOL maj facilit PF07690,BOOL ATPase PF13304,BOOL Fer4_12 PF13353,BOOL rSAM PF04055,no  recognized peptidase,C-terminal portion is < 0.35 or > 0.65,C-terminal portion is > 0.35 and < 0.65,SS profile sum > 1,Leader length (aa),Precursor length (aa),Core length (aa),Core/precursor ratio,Core/leader ratio,Ratio of N-terminus to first Cys,number of CxnC,avg dist between CxnC,Ratio from last CxnC to C-terminus,SS profile 1 aa,SS profile 2 aa,SS profile 3 aa,SS profile 4 aa,SS profile 5 aa,SS profile 6 aa,A,R,D,N,C,Q,E,G,H,I,L,K,M,F,P,S,T,W,Y,V,Aromatics,Neg charged,Pos charged,Charged,Aliphatic,Hydroxyl,A,R,D,N,C,Q,E,G,H,I,L,K,M,F,P,S,T,W,Y,V,Aromatics,Neg charged,Pos charged,Charged,Aliphatic,Hydroxyl,A,R,D,N,C,Q,E,G,H,I,L,K,M,F,P,S,T,W,Y,V,Aromatics,Neg charged,Pos charged,Charged,Aliphatic,Hydroxyl,peptidase PF05193,CAAX immunity PF02517,S8 peptidase PF00082,S41 peptidase PF03572,M16 peptidase PF00675,M50 peptidase PF02163,S9 peptidase PF00326,ABC trans PF00005,ABC mem PF00664,response reg PF00072,maj facilit PF07690,HATPase PF02518,ATPase PF13304,Fer4_12 PF13353,rSAM PF04055,Length of rSAM maturase
0,,7043.555162,1796.9831900000001,5264.582536999999,999999,0,0,1,1,0,1,0,0,0,0,1,0,0,1,0,0,0,0,0,0,0,0,0,0,0,1,1,0,0,0,0,0,1,1,0,1,16,65,49,0.7538461538461538,3.0625,0.06153846153846154,2,20.0,1.0,1, 0, 0, 0, 0, 1,4,10,3,2,4,2,2,7,1,2,5,1,1,2,12,5,1,0,0,1,2,5,11,16,20,6,0,2,0,2,0,0,0,1,1,0,3,0,1,0,4,1,0,0,0,1,0,0,2,2,6,1,4,8,3,0,4,2,2,6,0,2,2,1,0,2,8,4,1,0,0,0,2,5,9,14,14,5,0,0,0,0,0,0,0,1,1,0,0,0,0,0,0,0
1,,8964.750672000002,2109.108114,6873.653122999999,999999,0,0,1,0,1,0,1,0,0,0,0,0,0,0,0,0,0,0,0,0,0,0,0,0,0,1,1,0,0,0,0,0,1,1,0,0,20,83,63,0.7590361445783133,3.15,0.024096385542168676,0,0,1.0,0, 0, 0, 0, 0, 0,15,9,2,3,2,2,2,5,1,2,9,1,0,4,10,5,2,2,2,5,8,4,10,14,36,7,4,1,1,1,1,0,0,0,0,0,3,0,0,2,5,0,1,0,0,1,2,1,1,2,8,1,11,8,1,2,1,2,2,5,1,2,6,1,0,2,5,5,1,2,2,4,6,3,9,12,28,6,0,0,0,0,0,0,0,1,1,0,0,0,0,0,0,0
2,,5519.752061999998,1256.6369449999995,4281.125682,999999,0,0,1,0,1,1,0,0,0,0,0,0,0,1,0,0,0,0,0,0,0,0,0,0,0,1,1,0,0,0,0,0,1,1,0,0,12,51,39,0.7647058823529411,3.25,0.0784313725490196,2,20.0,1.0,1, 0, 0, 0, 0, 1,4,9,3,0,4,2,2,6,0,2,2,1,0,2,8,4,1,0,0,1,2,5,10,15,15,5,2,1,0,0,2,1,0,0,0,0,2,0,0,0,2,1,0,0,0,1,0,0,1,1,5,1,2,8,3,0,2,1,2,6,0,2,0,1,0,2,6,3,1,0,0,0,2,5,9,14,10,4,0,0,0,0,0,0,0,1,1,0,0,0,0,0,0,0
3,,7338.911855999996,1761.962495,5594.9599259999995,999999,0,0,1,0,1,0,1,0,0,0,0,0,0,0,0,0,0,0,0,0,0,0,0,0,0,1,1,0,0,0,0,0,1,1,0,0,17,68,51,0.75,3.0,0.014705882352941176,0,0,1.0,0, 0, 0, 0, 0, 0,12,8,1,2,1,2,2,5,1,2,6,1,0,2,7,5,2,2,2,5,6,3,9,12,30,7,3,0,0,2,0,1,1,0,0,1,1,1,0,0,3,0,2,0,0,2,0,1,1,2,7,2,9,8,1,0,1,1,1,5,1,1,5,0,0,2,4,5,0,2,2,3,6,2,8,10,23,5,0,0,0,0,0,0,0,1,1,0,0,0,0,0,0,0
4,,6772.605444999999,1563.898439,5226.717571000001,999999,0,0,1,0,1,0,1,0,0,0,0,0,0,0,0,0,0,0,0,0,0,0,0,0,0,1,1,0,0,0,0,0,1,1,0,0,15,62,47,0.7580645161290323,3.1333333333333333,0.016129032258064516,0,0,1.0,0, 0, 0, 0, 0, 0,11,8,1,2,1,2,2,5,1,2,6,1,0,2,5,5,0,2,2,4,6,3,9,12,28,5,2,0,0,2,0,1,1,1,0,1,2,1,0,0,1,0,0,0,0,3,0,1,1,2,9,0,9,8,1,0,1,1,1,4,1,1,4,0,0,2,4,5,0,2,2,1,6,2,8,10,19,5,0,0,0,0,0,0,0,1,1,0,0,0,0,0,0,0
5,,5900.235664000002,1188.6502679999999,4729.595961,999999,0,0,1,0,1,0,1,0,0,0,0,0,0,0,0,0,0,0,0,0,0,0,0,0,0,1,1,0,0,0,0,0,1,1,0,0,13,52,39,0.75,3.0,0.019230769230769232,0,0,1.0,0, 0, 0, 0, 0, 0,6,9,0,2,1,4,1,5,2,2,3,3,1,2,0,3,2,1,0,5,3,1,12,13,22,5,3,0,0,1,0,0,0,3,0,1,1,0,0,1,0,0,1,0,0,2,1,0,0,0,10,1,3,9,0,1,1,4,1,2,2,1,2,3,1,1,0,3,1,1,0,3,2,1,12,13,12,4,0,0,0,0,0,0,0,1,1,0,0,0,0,0,0,0
6,,4548.345324,1207.5767890000002,3358.7790999999997,999999,0,0,1,0,1,0,1,0,0,0,0,0,0,1,0,0,0,0,0,0,0,0,0,0,0,1,1,0,0,0,0,0,1,1,0,0,10,43,33,0.7674418604651163,3.3,0.023255813953488372,0,0,1.0,0, 0, 0, 0, 0, 0,5,7,4,0,1,3,1,8,1,1,1,3,0,1,1,3,0,0,0,3,1,5,10,15,18,3,0,2,2,0,1,1,0,1,0,0,1,0,0,1,0,0,0,0,0,1,1,2,2,4,3,0,5,5,2,0,0,2,1,7,1,1,0,3,0,0,1,3,0,0,0,2,0,3,8,11,15,3,0,0,0,0,0,0,0,1,1,0,0,0,0,0,0,0
7,,5537.938463,1391.8037509999997,4164.1452770000005,999999,0,0,1,0,1,0,1,0,0,0,0,0,0,0,0,0,0,0,0,0,0,0,0,0,0,1,1,0,0,0,0,0,1,1,0,0,12,50,38,0.76,3.1666666666666665,0.02,0,0,1.0,0, 0, 0, 0, 0, 0,9,8,1,0,1,1,1,4,1,1,5,0,0,2,4,5,0,2,2,3,6,2,8,10,22,5,2,2,0,0,0,1,0,1,0,0,2,0,0,1,0,0,0,0,1,2,2,0,2,2,7,0,7,6,1,0,1,0,1,3,1,1,3,0,0,1,4,5,0,2,1,1,4,2,6,8,15,5,0,0,0,0,0,0,0,1,1,0,0,0,0,0,0,0
8,,3925.027245000001,1017.5753309999999,2925.4624790000007,999999,0,0,1,1,0,1,0,0,0,0,0,1,0,0,0,0,0,0,0,0,0,0,0,0,0,1,1,0,0,0,0,0,1,1,0,0,9,36,27,0.75,3.0,0.1111111111111111,1,0,1.0,0, 0, 0, 0, 0, 0,4,3,0,1,4,0,1,0,0,2,5,1,1,2,3,3,4,0,0,2,2,1,4,5,14,7,2,2,0,0,0,0,0,0,0,0,1,0,1,0,0,0,2,0,0,1,0,0,2,2,5,2,2,1,0,1,4,0,1,0,0,2,4,1,0,2,3,3,2,0,0,1,2,1,2,3,9,5,0,0,0,0,0,0,0,1,1,0,0,0,0,0,0,0
9,,5071.6566539999985,1283.617983,3806.0492359999985,999999,0,0,1,0,1,0,1,0,0,0,0,0,0,1,0,0,0,0,0,0,0,0,0,0,0,1,1,0,0,0,0,0,1,1,0,0,11,46,35,0.7608695652173914,3.1818181818181817,0.0,0,0,1.0,0, 0, 0, 0, 0, 0,3,3,0,2,0,3,1,4,1,1,2,4,1,1,4,5,4,1,2,4,4,1,7,8,15,9,0,0,0,1,0,1,0,0,0,0,0,2,1,0,1,2,2,0,1,0,1,0,2,2,1,4,3,3,0,1,0,2,1,4,1,1,2,2,0,1,3,3,2,1,1,4,3,1,5,6,14,5,0,0,0,0,0,0,0,1,1,0,0,0,0,0,0,0
10,,5566.815480000003,1272.5946049999998,4312.2314400000005,999999,0,0,1,1,0,1,0,0,0,0,1,0,0,0,0,0,0,0,0,0,0,0,0,0,0,1,1,0,0,0,0,0,1,1,0,0,13,52,39,0.75,3.0,0.057692307692307696,0,0,1.0,1, 0, 0, 0, 0, 0,5,11,2,1,3,0,1,7,2,0,2,0,0,1,6,3,6,0,0,2,1,3,11,14,16,9,2,1,2,0,0,0,1,2,0,0,1,0,0,0,1,2,0,0,0,1,0,3,1,4,6,2,3,10,0,1,3,0,0,5,2,0,1,0,0,1,5,1,6,0,0,1,1,0,10,10,10,7,0,0,0,0,0,0,0,1,1,0,0,0,0,0,0,0
11,,4113.139592999999,946.4944370000001,3184.6557209999996,999999,0,0,1,1,0,0,1,0,0,0,0,0,0,1,0,0,0,0,0,0,0,0,0,0,0,1,1,0,0,0,0,0,1,1,0,0,10,42,32,0.7619047619047619,3.2,0.023809523809523808,1,0,1.0,0, 0, 0, 0, 0, 0,8,5,0,2,1,1,1,6,0,2,1,1,1,0,1,6,2,0,0,4,0,1,6,7,22,8,2,2,0,0,0,0,0,2,0,0,0,0,0,0,0,3,0,0,0,1,0,0,2,2,5,3,6,3,0,2,1,1,1,4,0,2,1,1,1,0,1,3,2,0,0,3,0,1,4,5,17,5,0,0,0,0,0,0,0,1,1,0,0,0,0,0,0,0
12,,8323.274439,2111.1269500000003,6230.158054,999999,0,0,1,0,1,1,0,0,0,0,0,0,0,0,1,0,0,0,0,0,0,0,0,0,0,1,1,0,0,0,0,0,1,1,0,0,21,84,63,0.75,3.0,0.03571428571428571,2,41.0,1.0,0, 0, 0, 0, 0, 0,15,11,0,2,3,1,4,10,1,2,2,1,1,0,6,12,4,0,0,9,0,4,12,16,39,16,3,3,0,0,1,0,2,3,0,0,1,0,0,0,1,2,0,0,0,5,0,2,3,5,12,2,12,8,0,2,2,1,2,7,1,2,1,1,1,0,5,10,4,0,0,4,0,2,9,11,27,14,0,0,0,0,0,0,0,1,1,0,0,0,0,0,0,0
13,,8454.314923000002,2155.1354060000003,6317.190082000001,999999,0,0,1,0,1,1,0,0,0,0,0,0,0,0,1,0,0,0,0,0,0,0,0,0,0,1,1,0,0,0,0,0,1,1,0,0,21,85,64,0.7529411764705882,3.0476190476190474,0.03529411764705882,2,41.0,1.0,0, 0, 0, 0, 0, 0,15,11,0,2,3,1,4,10,1,2,2,1,2,0,6,12,4,0,0,9,0,4,12,16,40,16,3,3,0,0,1,0,2,3,0,0,1,0,1,0,1,1,0,0,0,5,0,2,3,5,13,1,12,8,0,2,2,1,2,7,1,2,1,1,1,0,5,11,4,0,0,4,0,2,9,11,27,15,0,0,0,0,0,0,0,1,1,0,0,0,0,0,0,0
14,,8666.467400999998,2140.1496600000005,6544.328305999998,999999,0,0,1,0,1,1,0,0,0,0,0,0,0,0,1,0,0,0,0,0,0,0,0,0,0,1,1,0,0,0,0,0,1,1,0,0,21,87,66,0.7586206896551724,3.142857142857143,0.034482758620689655,2,41.0,1.0,0, 0, 0, 0, 0, 0,15,11,0,2,3,1,4,10,1,2,3,1,2,0,6,12,4,0,0,10,0,4,12,16,42,16,2,2,0,0,1,0,2,3,0,0,2,0,1,0,1,1,0,0,0,6,0,2,2,4,14,1,13,9,0,2,2,1,2,7,1,2,1,1,1,0,5,11,4,0,0,4,0,2,10,12,28,15,0,0,0,0,0,0,0,1,1,0,0,0,0,0,0,0
