PK,Classification,Contains TOMM YcaO PF02624,Contains LanB Nterm PF04738,Contains LanB Cterm PF14028,Contains TOMM dehy PF00881,Contains rSAM MTase PF04055,Contains P450 PF00067,Contains ABC trans1 PF00005,Contains ABC trans2 PF01061,Contains ABC trans3 PF12698,Contains abhydrolase1 PF12697,Contains abhydrolase2 PF00561,CSS motif,CTT motif,SS motif,SSS motif,SSSS motif,CC motif,CCC motif,CCCC motif,TT motif,TTT motif,TTTT motif,No Cys core residues,No Ser core residues,No Thr core residues,Core mass < 2100,Sum of repeating Cys/Ser/Thr > 4,Avg heterocycle block length > 3,Leader net charge < 5,Leader net charge > 0,Leader contains a Cys?,Peptide terminates Cys/Ser/Thr,Core contains >= 2 positive residues,Heterocycle ratio > 0.4,Number of core repeating blocks,Number of core repeating Cys,Number of core repeating Ser,Number of core repeating Thr,Number of core heterocycle blocks,avg core heterocycle block length,Precursor peptide mass (unmodified),Leader peptide mass (unmodified),Core peptide mass (unmodified),Length of Precursor,Length of Leader,Length of Core,Leader / core ratio,Heterocycle residues/lenth of core,A,R,D,N,C,Q,E,G,H,I,L,K,M,F,P,S,T,W,Y,V,Aromatics,Neg charged,Pos charged,Charged,Aliphatic,Hydroxyl,A,R,D,N,C,Q,E,G,H,I,L,K,M,F,P,S,T,W,Y,V,Aromatics,Neg charged,Pos charged,Charged,Aliphatic,Hydroxyl,A,R,D,N,C,Q,E,G,H,I,L,K,M,F,P,S,T,W,Y,V,Aromatics,Neg charged,Pos charged,Charged,Aliphatic,Hydroxyl
0,,1,1,1,1,1,1,0,0,0,0,0,0,0,0,0,0,0,0,0,0,0,0,0,0,0,0,0,0,0,1,0,0,1,0,0,0,0,0,1,2.0,14554.647132000013,3499.8117980000006,11072.845899,139,34,105,3.088235294117647,0.09523809523809523,4,7,1,0,0,1,1,7,0,0,0,1,0,0,5,5,0,1,0,1,1,2,8,10,12,5,13,21,2,2,1,1,2,21,3,5,1,0,1,1,13,5,4,4,0,5,5,4,21,25,46,9,17,28,3,2,1,2,3,28,3,5,1,1,1,1,18,10,4,5,0,6,6,6,29,35,58,14
1,,1,1,1,1,1,1,0,0,0,0,0,0,0,0,0,0,0,0,0,0,0,0,1,0,0,0,0,0,0,1,0,0,1,0,0,0,0,0,0,0,13380.844151000005,3304.736174,10094.118542000002,129,32,97,3.03125,0.08247422680412371,3,7,1,0,0,0,1,7,0,0,1,0,0,0,5,2,3,0,1,1,1,2,7,9,12,5,17,8,4,1,0,1,2,14,5,4,3,3,4,1,12,5,3,5,0,5,6,6,11,17,47,8,20,15,5,1,0,1,3,21,5,4,4,3,4,1,17,7,6,5,1,6,7,8,18,26,59,13
2,,1,1,1,1,1,1,0,0,0,0,0,0,0,0,0,0,0,0,0,0,0,0,1,0,0,0,0,0,1,0,0,0,1,0,0,0,0,0,0,0,8041.042701000002,1833.8719650000003,6225.181300999999,77,19,58,3.0526315789473686,0.06896551724137931,2,0,1,1,0,0,0,3,0,0,0,0,1,0,5,2,0,1,0,3,1,1,0,1,9,2,13,6,3,0,0,1,2,6,4,3,2,3,3,1,4,2,2,2,0,1,3,5,9,14,28,4,15,6,4,1,0,1,2,9,4,3,2,3,4,1,9,4,2,3,0,4,4,6,9,15,37,6
3,,1,1,1,1,1,1,0,0,0,0,0,0,0,0,0,0,0,0,0,0,0,0,1,0,0,0,0,0,1,1,0,0,1,0,0,0,0,0,0,0,4006.1309640000018,1220.627704,2803.513825,37,9,28,3.111111111111111,0.10714285714285714,0,1,0,0,0,0,0,0,1,0,1,0,1,0,2,0,0,2,0,1,2,0,1,1,3,0,4,6,0,2,0,0,1,7,0,2,0,0,0,0,2,1,2,0,0,1,0,1,6,7,14,3,4,7,0,2,0,0,1,7,1,2,1,0,1,0,4,1,2,2,0,2,2,1,7,8,17,3
4,,1,1,1,1,1,1,0,0,0,0,0,0,0,0,0,0,0,0,0,0,0,0,1,0,0,0,0,0,1,1,0,0,1,0,0,0,0,0,0,0,3793.9784860000004,1164.5763369999997,2647.412714,35,8,27,3.375,0.1111111111111111,0,2,0,0,0,0,0,0,1,0,0,0,1,0,2,0,0,2,0,0,2,0,2,2,1,0,4,5,0,2,0,0,1,7,0,2,0,0,0,0,2,1,2,0,0,1,0,1,5,6,14,3,4,7,0,2,0,0,1,7,1,2,0,0,1,0,4,1,2,2,0,1,2,1,7,8,15,3
5,,1,1,1,1,1,1,0,0,0,0,0,0,0,0,0,0,0,0,0,0,0,0,1,0,0,0,0,0,1,0,0,0,1,0,0,0,0,0,0,0,7402.740312999998,1636.7555380000001,5783.9953399999995,70,17,53,3.1176470588235294,0.05660377358490566,3,0,0,0,0,0,1,2,0,0,0,0,1,0,5,3,0,1,0,1,1,1,0,1,7,3,12,6,3,0,0,1,1,5,4,3,2,3,3,1,3,1,2,2,0,1,3,4,9,13,26,3,15,6,3,0,0,1,2,7,4,3,2,3,4,1,8,4,2,3,0,2,4,5,9,14,33,6
6,,1,1,1,1,1,1,0,0,0,0,0,0,0,0,0,0,0,0,0,0,0,0,1,0,0,0,0,0,1,1,0,0,1,0,0,0,0,0,0,0,6951.497229999999,1707.8515049999999,5261.656289999998,65,16,49,3.0625,0.061224489795918366,2,2,0,0,0,0,1,2,0,1,0,0,1,0,4,2,0,1,0,0,1,1,2,3,6,2,12,4,3,0,0,1,1,5,4,2,2,3,3,1,2,1,2,2,0,1,3,4,7,11,25,3,14,6,3,0,0,1,2,7,4,3,2,3,4,1,6,3,2,3,0,1,4,5,9,14,31,5
7,,1,1,1,1,1,1,0,0,0,0,0,0,0,0,0,0,0,0,0,0,0,0,0,0,0,0,0,0,1,0,0,0,1,0,0,0,0,0,0,0,4614.174825999998,1198.605445,3433.5799460000007,45,11,34,3.090909090909091,0.14705882352941177,2,2,1,0,0,1,1,1,0,0,0,0,0,0,1,0,1,0,0,1,0,2,2,4,4,1,3,6,2,0,2,0,0,10,1,0,0,0,1,0,3,2,1,0,2,1,2,2,6,8,15,3,5,8,3,0,2,1,1,11,1,0,0,0,1,0,4,2,2,0,2,2,2,4,8,12,19,4
8,,1,1,1,1,1,1,0,0,0,0,0,0,0,0,0,0,0,0,0,0,0,0,0,0,0,0,0,0,1,1,0,0,1,0,0,0,0,0,0,0,3119.4096940000004,849.4279389999999,2287.9923200000007,31,7,24,3.4285714285714284,0.16666666666666666,1,2,0,0,0,0,0,1,0,0,0,0,1,0,1,0,0,0,1,0,1,0,2,2,3,0,1,3,2,0,2,0,0,9,1,0,0,0,0,0,2,1,1,0,1,1,1,2,3,5,11,2,2,5,2,0,2,0,0,10,1,0,0,0,1,0,3,1,1,0,2,1,2,2,5,7,14,2
9,,1,1,1,1,1,1,0,0,0,0,0,0,0,0,0,0,0,0,0,0,0,0,1,1,1,0,0,0,1,1,0,0,1,0,0,0,0,0,0,0,3761.9796369999995,942.4705309999998,2837.519671,36,9,27,3.0,0.0,2,1,0,0,0,0,0,1,1,1,0,0,1,0,0,1,1,0,0,0,0,0,1,1,5,2,10,1,1,0,0,0,1,1,1,1,2,3,2,1,1,0,0,1,0,1,2,2,4,6,17,0,12,2,1,0,0,0,1,2,2,2,2,3,3,1,1,1,1,1,0,1,2,2,5,7,22,2
10,,1,1,1,1,1,1,0,0,0,0,0,0,0,0,0,0,0,0,0,0,0,0,0,0,1,0,0,0,1,0,0,0,1,0,0,0,0,0,0,0,4385.221981,1059.509755,3343.722791,41,10,31,3.1,0.1935483870967742,1,0,1,0,0,1,0,1,2,0,1,0,0,0,1,1,0,0,0,1,0,1,0,1,4,1,3,7,0,1,1,0,0,4,1,0,0,0,1,0,4,5,0,1,0,3,1,0,7,7,11,5,4,7,1,1,1,1,0,5,3,0,1,0,1,0,5,6,0,1,0,4,1,1,7,8,15,6
11,,1,1,1,1,1,1,0,0,0,0,0,0,0,0,0,0,0,0,0,0,0,0,0,0,0,0,0,0,1,1,0,0,1,0,0,0,0,0,2,2.0,7462.670954000001,2041.0309399999999,5439.650578999999,73,18,55,3.0555555555555554,0.23636363636363636,2,4,1,0,0,0,0,2,0,0,2,0,2,0,0,2,2,0,1,0,1,1,4,5,8,4,9,3,3,0,4,0,2,6,1,0,6,0,1,0,3,5,4,1,0,7,1,5,3,8,29,9,11,7,4,0,4,0,2,8,1,0,8,0,3,0,3,7,6,1,1,7,2,6,7,13,37,13
12,,1,1,1,1,1,1,0,0,0,0,0,0,0,0,0,0,0,0,0,0,0,0,0,0,0,0,0,0,1,1,0,0,1,0,0,0,0,0,2,2.0,6829.380512000002,1886.964577,4960.4265,67,16,51,3.1875,0.2549019607843137,2,4,1,0,0,0,1,2,1,0,2,0,1,0,0,1,0,0,1,0,1,2,4,6,7,1,9,2,3,0,4,0,1,5,0,0,6,0,1,0,3,5,4,1,0,7,1,4,2,6,28,9,11,6,4,0,4,0,2,7,1,0,8,0,2,0,3,6,4,1,1,7,2,6,6,12,35,10
13,,1,1,1,1,1,1,0,0,0,0,0,0,0,0,0,0,0,0,0,0,0,0,1,1,0,0,0,0,1,1,0,0,1,0,0,0,0,0,0,0,3831.0299129999985,1074.608029,2774.432449,36,9,27,3.0,0.07407407407407407,1,3,0,0,0,0,0,0,0,0,0,0,1,0,0,1,1,0,0,2,0,0,3,3,4,2,6,3,1,0,0,1,2,3,2,1,1,0,0,0,4,0,2,0,0,1,0,3,3,6,12,2,7,6,1,0,0,1,2,3,2,1,1,0,1,0,4,1,3,0,0,3,0,3,6,9,16,4
14,,1,1,1,1,1,1,0,0,0,0,0,0,0,0,0,0,0,0,0,0,0,0,0,0,0,0,0,0,1,0,0,0,1,0,0,0,0,0,2,2.0,4535.253212,1089.537608,3463.7261689999996,46,11,35,3.1818181818181817,0.3142857142857143,1,0,1,0,0,0,1,2,0,0,2,0,1,0,0,1,0,0,0,2,0,2,0,2,8,1,7,2,2,0,3,0,0,2,0,0,4,0,0,0,1,4,4,1,0,5,1,2,2,4,18,8,8,2,3,0,3,0,1,4,0,0,6,0,1,0,1,5,4,1,0,7,1,4,2,6,26,9
15,,1,1,1,1,1,1,0,0,0,0,0,0,0,0,0,0,0,0,0,0,0,0,0,0,0,0,0,0,1,0,0,0,1,0,0,0,0,0,2,2.0,4151.052327999999,962.4742789999998,3206.5886140000002,42,10,32,3.2,0.3125,2,0,1,0,0,0,0,1,0,0,2,0,1,0,0,2,0,0,0,1,0,1,0,1,7,2,6,2,2,0,3,0,0,2,0,0,4,0,0,0,1,3,4,1,0,4,1,2,2,4,16,7,8,2,3,0,3,0,0,3,0,0,6,0,1,0,1,5,4,1,0,5,1,3,2,5,23,9
16,,1,1,1,1,1,1,0,0,0,0,0,0,0,0,0,0,0,0,0,1,0,0,1,0,0,0,0,0,1,0,0,0,1,0,1,0,0,2,1,2.0,5934.084369999999,1270.6517259999998,4681.443209,53,13,40,3.076923076923077,0.15,3,1,0,0,0,0,1,0,0,0,0,0,0,0,2,3,1,0,0,2,0,1,1,2,5,4,4,10,2,0,0,0,1,2,2,1,1,0,2,0,5,4,2,1,1,2,2,3,10,13,12,6,7,11,2,0,0,0,2,2,2,1,1,0,2,0,7,7,3,1,1,4,2,4,11,15,17,10
17,,1,1,1,1,1,1,0,0,0,0,0,0,0,1,0,0,0,0,0,0,0,0,1,0,0,0,0,0,0,1,1,0,1,0,1,0,2,0,1,2.0,10441.316634000006,2587.241735,7872.085463999999,96,24,72,3.0,0.16666666666666666,2,2,0,1,2,2,0,2,0,0,0,3,1,0,1,4,2,0,1,1,1,0,5,5,6,6,12,12,1,1,0,2,3,5,6,2,1,1,1,2,6,7,5,0,1,4,3,4,13,17,25,12,14,14,1,2,2,4,3,7,6,2,1,4,2,2,7,11,7,0,2,5,4,4,18,22,31,18
18,,1,1,1,1,1,1,0,0,0,0,0,0,0,1,0,0,0,0,0,0,0,0,0,0,0,0,0,0,1,1,1,0,1,0,2,0,4,0,4,2.0,13476.849876000013,3440.737831,10054.122610000004,123,30,93,3.1,0.21505376344086022,5,6,1,1,1,1,2,1,1,0,2,1,1,0,2,2,2,0,1,0,1,3,7,10,9,4,14,14,1,2,2,3,3,7,6,2,1,3,1,2,7,11,7,0,2,5,4,4,17,21,30,18,19,20,2,3,3,4,5,8,7,2,3,4,2,2,9,13,9,0,3,5,5,7,24,31,39,22
19,,1,1,1,1,1,1,0,0,0,0,0,0,0,0,0,0,0,0,0,0,0,0,1,0,0,0,0,0,1,0,1,0,1,0,0,0,0,0,0,0,3009.411983000001,648.2359620000001,2379.1865860000003,32,8,24,3.0,0.16666666666666666,1,0,0,0,1,0,0,4,0,0,0,0,1,0,1,0,0,0,0,0,0,0,0,0,6,0,3,3,0,0,0,1,0,6,0,0,0,0,1,1,2,2,2,0,1,2,2,0,3,3,12,4,4,3,0,0,1,1,0,10,0,0,0,0,2,1,3,2,2,0,1,2,2,0,3,3,18,4
20,,1,1,1,1,1,1,0,0,0,0,0,0,0,1,0,0,0,0,0,0,0,0,0,0,0,0,0,0,1,1,0,0,1,0,1,0,2,0,1,2.0,6724.469803,1616.9474559999999,5125.532912000001,61,15,46,3.066666666666667,0.15217391304347827,2,3,0,0,0,0,0,0,0,2,1,0,0,0,4,3,0,0,0,0,0,0,3,3,5,3,4,6,4,1,1,1,2,4,1,1,4,0,0,1,5,4,2,1,2,2,4,6,6,12,15,6,6,9,4,1,1,1,2,4,1,3,5,0,0,1,9,7,2,1,2,2,4,6,9,15,20,9
21,,1,1,1,1,1,1,0,0,0,0,0,0,0,0,0,0,0,0,0,0,0,0,0,0,0,0,0,0,1,1,1,1,1,0,0,0,0,0,0,0,9327.86544,2400.1395230000003,6945.736481999997,85,21,64,3.0476190476190474,0.109375,0,4,2,0,1,0,0,2,1,1,0,0,3,0,2,2,1,0,0,2,0,2,4,6,8,3,5,10,4,2,1,0,0,6,2,4,4,0,1,3,11,3,3,0,0,5,3,4,10,14,25,6,5,14,6,2,2,0,0,8,3,5,4,0,4,3,13,5,4,0,0,7,3,6,14,20,33,9
22,,1,1,1,1,1,1,0,0,0,0,0,0,0,0,0,0,0,0,0,0,0,0,0,0,0,0,0,0,1,1,1,1,1,0,0,0,0,0,0,0,9228.797025999998,2414.155173,6832.652417999996,84,21,63,3.0,0.1111111111111111,0,4,2,0,1,0,0,2,1,2,0,0,3,0,2,2,1,0,0,1,0,2,4,6,8,3,5,10,4,2,1,0,0,6,2,3,4,0,1,3,11,3,3,0,0,5,3,4,10,14,24,6,5,14,6,2,2,0,0,8,3,5,4,0,4,3,13,5,4,0,0,6,3,6,14,20,32,9
23,,1,1,1,1,1,1,0,0,0,0,0,0,0,0,0,0,0,0,0,0,0,0,0,0,0,0,0,0,1,1,1,1,1,0,0,0,0,0,0,0,9010.724513999998,2267.119774,6761.615304999997,82,20,62,3.1,0.11290322580645161,1,4,2,0,1,0,0,2,1,2,0,0,2,0,2,1,1,0,0,1,0,2,4,6,8,2,4,10,4,2,1,0,0,6,2,3,4,0,1,3,11,3,3,0,0,5,3,4,10,14,23,6,5,14,6,2,2,0,0,8,3,5,4,0,3,3,13,4,4,0,0,6,3,6,14,20,31,8
24,,1,1,1,1,1,1,0,0,0,0,0,0,0,1,0,0,0,0,0,1,0,0,0,0,0,0,1,0,1,0,1,0,1,0,3,0,2,4,4,2.25,25736.230504999985,6476.372350000004,19277.868719999995,229,57,172,3.017543859649123,0.19767441860465115,3,4,10,0,1,1,1,3,1,8,6,4,1,0,0,3,5,1,2,3,3,11,8,19,24,8,21,16,10,5,1,2,5,9,1,7,19,6,4,12,8,15,18,3,7,3,22,15,22,37,63,33,24,20,20,5,2,3,6,12,2,15,25,10,5,12,8,18,23,4,9,6,25,26,30,56,87,41
25,,1,1,1,1,1,1,0,0,0,0,0,0,0,0,0,0,0,0,0,0,0,0,1,0,0,0,0,0,1,1,1,1,1,0,0,0,0,0,0,0,8879.684029999997,2239.088474,6658.606120999996,81,20,61,3.05,0.09836065573770492,1,4,2,0,2,0,0,2,1,2,0,0,1,0,2,1,1,0,0,1,0,2,4,6,7,2,4,10,4,2,0,0,0,6,2,3,4,0,1,3,11,3,3,0,0,5,3,4,10,14,23,6,5,14,6,2,2,0,0,8,3,5,4,0,2,3,13,4,4,0,0,6,3,6,14,20,30,8
26,,1,1,1,1,1,1,0,0,0,0,0,0,0,0,0,0,0,0,0,0,0,0,0,0,0,0,0,0,1,1,1,0,1,0,0,0,0,0,0,0,5827.973469999999,1440.707133,4405.276902,53,13,40,3.076923076923077,0.175,1,1,0,0,1,0,0,0,0,0,2,0,0,1,2,3,1,0,1,0,2,0,1,1,3,4,3,7,1,0,3,0,1,5,1,2,1,0,1,2,2,1,3,0,1,6,3,2,7,9,18,4,4,8,1,0,4,0,1,5,1,2,3,0,1,3,4,4,4,0,2,6,5,2,8,10,21,8
27,,1,1,1,1,1,1,0,0,0,0,0,0,0,0,0,0,0,0,0,0,0,0,1,0,0,0,0,0,0,1,0,1,1,0,0,0,0,0,0,0,5643.068251999999,1730.04007,3931.0387469999996,52,13,39,3.0,0.10256410256410256,0,6,1,0,0,0,0,0,1,1,1,0,0,0,1,0,1,0,0,1,0,1,6,7,3,1,4,4,2,2,0,0,0,6,1,1,2,0,1,1,8,2,2,0,0,3,1,2,4,6,17,4,4,10,3,2,0,0,0,6,2,2,3,0,1,1,9,2,3,0,0,4,1,3,10,13,20,5
28,,1,1,1,1,1,1,0,0,0,0,0,0,0,0,0,0,0,0,0,0,0,0,1,0,0,0,0,0,1,1,0,1,1,0,0,0,0,0,0,0,3931.0387469999996,1005.517817,2943.531495,39,9,30,3.3333333333333335,0.13333333333333333,2,1,0,1,0,0,0,0,1,0,1,0,1,0,2,0,0,0,0,0,0,0,1,1,4,0,2,3,2,1,0,0,0,6,0,1,1,0,0,1,6,2,2,0,0,3,1,2,3,5,13,4,4,4,2,2,0,0,0,6,1,1,2,0,1,1,8,2,2,0,0,3,1,2,4,6,17,4
29,,1,1,1,1,1,1,0,0,0,0,0,0,0,1,0,0,1,0,0,0,0,0,0,0,0,0,0,0,1,1,0,1,1,0,2,2,2,0,2,2.5,3706.8316560000003,872.4902050000001,2852.352016,34,8,26,3.25,0.3076923076923077,2,1,0,1,0,0,0,0,0,1,0,0,1,0,0,0,0,0,0,2,0,0,1,1,6,0,0,2,0,2,3,3,0,2,0,0,3,0,0,2,3,3,2,0,0,1,2,0,2,2,6,5,2,3,0,3,3,3,0,2,0,1,3,0,1,2,3,3,2,0,0,3,2,0,3,3,12,5
30,,1,1,1,1,1,1,0,0,0,0,0,0,0,1,0,0,0,0,0,0,0,0,1,0,0,0,0,0,1,1,1,0,1,0,1,0,2,0,1,2.0,6620.299604999997,1793.9215169999998,4844.388652999999,62,15,47,3.1333333333333333,0.1702127659574468,0,2,0,0,3,0,0,0,1,1,0,2,0,1,0,0,3,0,0,2,1,0,4,4,3,3,7,2,1,5,0,1,5,4,0,2,4,1,1,0,2,5,3,0,1,3,1,6,3,9,21,8,7,4,1,5,3,1,5,4,1,3,4,3,1,1,2,5,6,0,1,5,2,6,7,13,24,11
31,,1,1,1,1,1,1,0,0,0,0,0,1,0,1,0,0,1,0,0,0,0,0,0,0,1,1,0,0,1,0,0,0,0,1,2,2,2,0,2,4.0,5065.073275,3490.594213,1592.489627,49,34,15,0.4411764705882353,0.6666666666666666,4,0,4,1,0,0,3,4,1,0,4,0,3,1,1,2,2,0,0,4,1,7,0,7,19,4,1,0,0,1,6,0,0,0,0,1,0,0,0,1,0,4,0,0,1,0,2,0,0,0,2,4,5,0,4,2,6,0,3,4,1,1,4,0,3,2,1,6,2,0,1,4,3,7,0,7,21,8
32,,1,1,1,1,1,1,0,0,0,0,0,0,0,0,0,0,0,0,0,0,0,0,1,0,0,0,0,0,1,1,0,0,1,0,0,0,0,0,1,2.0,5384.903080000001,1307.676835,4095.236810000001,46,11,35,3.1818181818181817,0.14285714285714285,1,2,0,0,0,1,0,1,0,0,0,1,1,0,1,0,2,0,1,0,1,0,3,3,3,2,2,7,0,2,0,2,0,5,0,1,5,0,0,0,1,2,3,3,1,1,4,0,7,7,14,5,3,9,0,2,0,3,0,6,0,1,5,1,1,0,2,2,5,3,2,1,5,0,10,10,17,7
33,,1,1,1,1,1,1,0,0,0,0,0,0,0,0,0,0,0,0,0,0,0,0,1,0,0,0,0,0,1,0,1,1,1,0,0,0,0,0,1,2.0,6843.417067999999,1593.695398,5267.732234999998,62,15,47,3.1333333333333333,0.1276595744680851,0,1,0,1,1,0,2,3,2,0,1,0,0,0,1,1,2,0,0,0,0,2,1,3,4,3,8,8,2,0,0,3,0,2,1,0,2,1,2,2,6,4,2,0,2,2,4,2,9,11,16,6,8,9,2,1,1,3,2,5,3,0,3,1,2,2,7,5,4,0,2,2,4,4,10,14,20,9
34,,1,1,1,1,1,1,0,0,0,0,0,0,0,0,0,0,0,0,0,0,0,0,1,0,0,0,0,0,1,1,1,0,1,0,0,0,0,0,1,2.0,6866.666437,1630.814406,5253.862595999999,60,15,45,3.0,0.15555555555555556,3,3,0,1,1,1,0,1,0,0,0,0,1,0,1,0,2,0,0,1,0,0,3,3,6,2,3,9,0,2,0,3,0,6,0,1,5,1,0,0,2,2,5,3,2,1,5,0,10,10,16,7,6,12,0,3,1,4,0,7,0,1,5,1,1,0,3,2,7,3,2,2,5,0,13,13,22,9
35,,1,1,1,1,1,1,0,0,0,0,0,0,0,0,0,0,0,0,0,0,0,0,0,0,0,0,0,0,1,1,0,1,1,0,0,0,0,0,1,2.0,6695.315501999998,1481.8102919999997,5231.515775,61,15,46,3.066666666666667,0.1956521739130435,3,2,0,0,0,0,0,2,0,0,1,0,0,1,3,2,0,0,0,1,1,0,2,2,7,2,2,9,1,1,1,0,9,5,2,0,1,1,1,0,3,4,4,0,0,2,0,10,10,20,11,8,5,11,1,1,1,0,9,7,2,0,2,1,1,1,6,6,4,0,0,3,1,10,12,22,18,10
36,,1,1,1,1,1,1,0,0,0,0,0,0,0,0,0,0,0,0,0,0,0,0,0,0,0,0,0,0,1,1,0,1,1,0,0,0,0,0,2,2.0,9744.920057000005,2463.30546,7299.625162,88,22,66,3.0,0.15151515151515152,1,4,2,1,0,2,1,3,0,1,2,1,0,0,2,1,1,0,0,0,0,3,5,8,7,2,8,10,2,2,1,3,3,6,3,0,3,1,2,2,7,5,4,0,2,2,4,5,11,16,21,9,9,14,4,3,1,5,4,9,3,1,5,2,2,2,9,6,5,0,2,2,4,8,16,24,28,11
37,,1,1,1,1,1,1,0,0,0,0,0,0,0,0,0,0,0,0,0,0,0,0,0,0,0,0,0,0,0,1,1,1,1,0,0,0,0,0,2,2.0,15217.831319000014,3805.1049760000005,11430.736908000008,137,34,103,3.0294117647058822,0.14563106796116504,6,6,0,0,1,1,1,1,0,0,6,0,0,1,2,3,2,0,2,2,3,1,6,7,15,5,12,18,6,3,2,5,4,9,3,1,5,2,2,3,11,8,5,0,2,2,5,10,20,30,31,13,18,24,6,3,3,6,5,10,3,1,11,2,2,4,13,11,7,0,4,4,8,11,26,37,46,18
38,,1,1,1,1,1,1,0,0,0,0,0,0,0,0,0,0,0,0,0,1,0,0,0,0,0,0,0,0,0,1,0,0,1,0,1,0,0,2,1,3.0,17653.53154,4296.411725000001,13375.130380000004,156,39,117,3.0,0.13675213675213677,2,5,2,2,0,1,0,3,0,1,5,3,1,0,6,3,1,0,1,3,1,2,8,10,15,4,12,15,4,5,1,5,8,6,2,4,9,8,2,1,3,6,9,2,4,11,7,12,23,35,44,15,14,20,6,7,1,6,8,9,2,5,14,11,3,1,9,9,10,2,5,14,8,14,31,45,59,19
39,,1,1,1,1,1,1,0,0,0,0,0,0,0,0,0,0,0,0,0,0,0,0,1,0,0,0,0,0,1,1,0,0,1,0,0,0,0,0,1,2.0,3446.900646999999,860.4612139999999,2604.4499979999996,31,7,24,3.4285714285714284,0.125,0,1,0,0,0,0,0,0,0,1,1,0,2,0,1,0,1,0,0,0,0,0,1,1,4,1,4,3,1,0,0,1,0,1,0,0,1,1,0,0,1,2,1,0,2,6,2,1,4,5,12,3,4,4,1,0,0,1,0,1,0,1,2,1,2,0,2,2,2,0,2,6,2,1,5,6,16,4
40,,1,1,1,1,1,1,0,0,0,0,0,0,0,0,0,0,0,0,0,0,0,0,1,0,0,0,0,0,1,0,0,0,1,0,0,0,0,0,1,2.0,4185.307105999998,1000.541572,3202.7760989999983,38,9,29,3.2222222222222223,0.13793103448275862,2,0,0,0,0,0,0,0,0,2,1,0,1,0,1,1,0,1,0,0,1,0,0,0,6,1,4,4,1,0,0,1,0,1,0,0,2,1,1,0,2,2,2,0,2,6,2,1,5,6,14,4,6,4,1,0,0,1,0,1,0,2,3,1,2,0,3,3,2,1,2,6,3,1,5,6,20,5
41,,1,1,1,1,1,1,0,0,0,0,0,0,0,0,0,0,0,0,0,0,0,0,1,0,0,0,0,0,1,0,0,0,1,0,0,0,0,0,1,2.0,4383.443933999998,1085.5943359999999,3315.8601629999985,40,10,30,3.0,0.13333333333333333,2,0,0,0,0,0,0,0,0,1,1,0,1,0,1,1,0,1,0,2,1,0,0,0,7,1,4,4,1,0,0,1,0,1,0,1,2,1,1,0,2,2,2,0,2,6,2,1,5,6,15,4,6,4,1,0,0,1,0,1,0,2,3,1,2,0,3,3,2,1,2,8,3,1,5,6,22,5
42,,1,1,1,1,1,1,0,0,0,0,0,0,0,0,0,0,0,0,0,0,0,0,1,0,0,0,0,0,1,1,0,0,1,0,0,0,0,0,1,2.0,4955.754384999998,1156.663813,3817.1011369999997,45,11,34,3.090909090909091,0.11764705882352941,1,1,0,0,0,0,0,0,0,0,1,0,1,0,1,2,0,0,0,4,0,0,1,1,7,2,5,4,1,0,0,1,0,1,0,2,2,1,2,0,2,2,2,1,2,6,3,1,5,6,18,4,6,5,1,0,0,1,0,1,0,2,3,1,3,0,3,4,2,1,2,10,3,1,6,7,25,6
